﻿GEO_ID,geoid,NAME,Total,Less than 9th grade,"9th to 12th grade, no diploma",no_highschool,highschool,some_college,post_secondary,associate,bachelor,graduate
1500000US060770001011,15000US060770001011,Block Group 1; Census Tract 1.01; San Joaquin County; California,198,7,19,26,34,64,74,15,36,23
1500000US060770001012,15000US060770001012,Block Group 2; Census Tract 1.01; San Joaquin County; California,474,109,39,148,183,109,34,10,12,12
1500000US060770001021,15000US060770001021,Block Group 1; Census Tract 1.02; San Joaquin County; California,507,31,91,122,121,254,10,10,0,0
1500000US060770001022,15000US060770001022,Block Group 2; Census Tract 1.02; San Joaquin County; California,489,0,99,99,183,117,90,30,60,0
1500000US060770001023,15000US060770001023,Block Group 3; Census Tract 1.02; San Joaquin County; California,384,27,170,197,73,40,74,56,12,6
1500000US060770003001,15000US060770003001,Block Group 1; Census Tract 3; San Joaquin County; California,954,15,66,81,393,283,197,33,123,41
1500000US060770003002,15000US060770003002,Block Group 2; Census Tract 3; San Joaquin County; California,544,76,57,133,266,59,86,0,61,25
1500000US060770004011,15000US060770004011,Block Group 1; Census Tract 4.01; San Joaquin County; California,711,80,124,204,122,114,271,100,71,100
1500000US060770004012,15000US060770004012,Block Group 2; Census Tract 4.01; San Joaquin County; California,273,0,62,62,92,29,90,0,35,55
1500000US060770004013,15000US060770004013,Block Group 3; Census Tract 4.01; San Joaquin County; California,617,62,52,114,137,138,228,77,49,102
1500000US060770004014,15000US060770004014,Block Group 4; Census Tract 4.01; San Joaquin County; California,441,7,0,7,107,137,190,139,31,20
1500000US060770004021,15000US060770004021,Block Group 1; Census Tract 4.02; San Joaquin County; California,611,0,6,6,350,116,139,26,63,50
1500000US060770004022,15000US060770004022,Block Group 2; Census Tract 4.02; San Joaquin County; California,664,98,55,153,229,184,98,0,87,11
1500000US060770004023,15000US060770004023,Block Group 3; Census Tract 4.02; San Joaquin County; California,482,12,95,107,81,127,167,90,11,66
1500000US060770004024,15000US060770004024,Block Group 4; Census Tract 4.02; San Joaquin County; California,1057,43,199,242,298,152,365,50,116,199
1500000US060770005001,15000US060770005001,Block Group 1; Census Tract 5; San Joaquin County; California,489,98,32,130,178,139,42,26,8,8
1500000US060770005002,15000US060770005002,Block Group 2; Census Tract 5; San Joaquin County; California,572,65,116,181,225,105,61,14,47,0
1500000US060770006001,15000US060770006001,Block Group 1; Census Tract 6; San Joaquin County; California,502,32,140,172,216,80,34,20,14,0
1500000US060770006002,15000US060770006002,Block Group 2; Census Tract 6; San Joaquin County; California,539,115,82,197,227,47,68,37,0,31
1500000US060770007001,15000US060770007001,Block Group 1; Census Tract 7; San Joaquin County; California,690,177,54,231,330,57,72,67,0,5
1500000US060770007002,15000US060770007002,Block Group 2; Census Tract 7; San Joaquin County; California,438,99,112,211,113,72,42,12,29,1
1500000US060770007003,15000US060770007003,Block Group 3; Census Tract 7; San Joaquin County; California,164,19,24,43,48,61,12,12,0,0
1500000US060770007004,15000US060770007004,Block Group 4; Census Tract 7; San Joaquin County; California,1164,108,134,242,344,271,307,162,142,3
1500000US060770008021,15000US060770008021,Block Group 1; Census Tract 8.02; San Joaquin County; California,765,231,85,316,141,207,101,56,45,0
1500000US060770008031,15000US060770008031,Block Group 1; Census Tract 8.03; San Joaquin County; California,1053,72,72,144,355,373,181,135,46,0
1500000US060770008032,15000US060770008032,Block Group 2; Census Tract 8.03; San Joaquin County; California,944,69,49,118,385,222,219,52,167,0
1500000US060770008033,15000US060770008033,Block Group 3; Census Tract 8.03; San Joaquin County; California,1114,113,212,325,525,83,181,75,93,13
1500000US060770009001,15000US060770009001,Block Group 1; Census Tract 9; San Joaquin County; California,620,0,40,40,177,146,257,68,84,105
1500000US060770009002,15000US060770009002,Block Group 2; Census Tract 9; San Joaquin County; California,869,139,51,190,266,354,59,16,38,5
1500000US060770009003,15000US060770009003,Block Group 3; Census Tract 9; San Joaquin County; California,644,0,76,76,241,118,209,45,101,63
1500000US060770009004,15000US060770009004,Block Group 4; Census Tract 9; San Joaquin County; California,584,29,72,101,191,181,111,41,70,0
1500000US060770009005,15000US060770009005,Block Group 5; Census Tract 9; San Joaquin County; California,757,191,124,315,302,45,95,76,19,0
1500000US060770010001,15000US060770010001,Block Group 1; Census Tract 10; San Joaquin County; California,992,3,19,22,397,349,224,101,54,69
1500000US060770010002,15000US060770010002,Block Group 2; Census Tract 10; San Joaquin County; California,971,152,50,202,437,241,91,49,42,0
1500000US060770010003,15000US060770010003,Block Group 3; Census Tract 10; San Joaquin County; California,1164,88,72,160,415,309,280,82,182,16
1500000US060770010004,15000US060770010004,Block Group 4; Census Tract 10; San Joaquin County; California,853,2,108,110,170,209,364,76,199,89
1500000US060770011011,15000US060770011011,Block Group 1; Census Tract 11.01; San Joaquin County; California,1241,126,57,183,351,387,320,109,203,8
1500000US060770011012,15000US060770011012,Block Group 2; Census Tract 11.01; San Joaquin County; California,1382,78,167,245,393,379,365,236,90,39
1500000US060770011013,15000US060770011013,Block Group 3; Census Tract 11.01; San Joaquin County; California,1063,22,164,186,320,295,262,93,45,124
1500000US060770011021,15000US060770011021,Block Group 1; Census Tract 11.02; San Joaquin County; California,1573,0,21,21,755,406,391,147,231,13
1500000US060770011022,15000US060770011022,Block Group 2; Census Tract 11.02; San Joaquin County; California,323,45,28,73,92,112,46,40,6,0
1500000US060770011023,15000US060770011023,Block Group 3; Census Tract 11.02; San Joaquin County; California,974,43,28,71,450,294,159,86,55,18
1500000US060770011024,15000US060770011024,Block Group 4; Census Tract 11.02; San Joaquin County; California,299,16,25,41,138,50,70,32,27,11
1500000US060770011025,15000US060770011025,Block Group 5; Census Tract 11.02; San Joaquin County; California,454,71,23,94,88,108,164,106,51,7
1500000US060770012001,15000US060770012001,Block Group 1; Census Tract 12; San Joaquin County; California,1916,62,0,62,150,1054,650,64,355,231
1500000US060770012002,15000US060770012002,Block Group 2; Census Tract 12; San Joaquin County; California,609,7,17,24,45,109,431,49,195,187
1500000US060770012003,15000US060770012003,Block Group 3; Census Tract 12; San Joaquin County; California,1299,36,63,99,463,340,397,143,39,215
1500000US060770012004,15000US060770012004,Block Group 4; Census Tract 12; San Joaquin County; California,708,0,20,20,83,174,431,85,236,110
1500000US060770013001,15000US060770013001,Block Group 1; Census Tract 13; San Joaquin County; California,1309,147,101,248,723,191,147,0,120,27
1500000US060770013002,15000US060770013002,Block Group 2; Census Tract 13; San Joaquin County; California,1085,0,178,178,438,231,238,47,102,89
1500000US060770013003,15000US060770013003,Block Group 3; Census Tract 13; San Joaquin County; California,672,0,29,29,188,213,242,31,183,28
1500000US060770013004,15000US060770013004,Block Group 4; Census Tract 13; San Joaquin County; California,680,55,0,55,310,43,272,96,57,119
1500000US060770014001,15000US060770014001,Block Group 1; Census Tract 14; San Joaquin County; California,529,0,15,15,186,168,160,51,66,43
1500000US060770014002,15000US060770014002,Block Group 2; Census Tract 14; San Joaquin County; California,911,159,120,279,290,158,184,21,158,5
1500000US060770014003,15000US060770014003,Block Group 3; Census Tract 14; San Joaquin County; California,581,15,23,38,114,337,92,9,67,16
1500000US060770014004,15000US060770014004,Block Group 4; Census Tract 14; San Joaquin County; California,1351,2,70,72,475,362,442,76,337,29
1500000US060770015011,15000US060770015011,Block Group 1; Census Tract 15.01; San Joaquin County; California,514,9,114,123,191,138,62,41,12,9
1500000US060770015012,15000US060770015012,Block Group 2; Census Tract 15.01; San Joaquin County; California,1125,90,153,243,402,265,215,114,73,28
1500000US060770015013,15000US060770015013,Block Group 3; Census Tract 15.01; San Joaquin County; California,1062,119,186,305,359,278,120,20,46,54
1500000US060770015021,15000US060770015021,Block Group 1; Census Tract 15.02; San Joaquin County; California,771,75,14,89,237,198,247,122,77,48
1500000US060770015022,15000US060770015022,Block Group 2; Census Tract 15.02; San Joaquin County; California,249,31,52,83,89,37,40,29,11,0
1500000US060770015023,15000US060770015023,Block Group 3; Census Tract 15.02; San Joaquin County; California,716,40,148,188,249,195,84,0,76,8
1500000US060770016001,15000US060770016001,Block Group 1; Census Tract 16; San Joaquin County; California,799,66,145,211,215,239,134,95,22,17
1500000US060770016002,15000US060770016002,Block Group 2; Census Tract 16; San Joaquin County; California,273,24,36,60,86,99,28,0,28,0
1500000US060770017001,15000US060770017001,Block Group 1; Census Tract 17; San Joaquin County; California,411,18,30,48,150,160,53,22,31,0
1500000US060770017002,15000US060770017002,Block Group 2; Census Tract 17; San Joaquin County; California,775,124,141,265,307,124,79,62,17,0
1500000US060770017003,15000US060770017003,Block Group 3; Census Tract 17; San Joaquin County; California,697,85,102,187,377,78,55,55,0,0
1500000US060770018001,15000US060770018001,Block Group 1; Census Tract 18; San Joaquin County; California,766,72,76,148,420,107,91,37,32,22
1500000US060770018002,15000US060770018002,Block Group 2; Census Tract 18; San Joaquin County; California,1346,127,144,271,696,325,54,30,22,2
1500000US060770019001,15000US060770019001,Block Group 1; Census Tract 19; San Joaquin County; California,630,125,100,225,265,104,36,32,0,4
1500000US060770019002,15000US060770019002,Block Group 2; Census Tract 19; San Joaquin County; California,843,29,137,166,333,218,126,51,50,25
1500000US060770019003,15000US060770019003,Block Group 3; Census Tract 19; San Joaquin County; California,712,111,126,237,345,98,32,0,32,0
1500000US060770019004,15000US060770019004,Block Group 4; Census Tract 19; San Joaquin County; California,540,158,20,178,246,116,0,0,0,0
1500000US060770020001,15000US060770020001,Block Group 1; Census Tract 20; San Joaquin County; California,447,63,41,104,205,41,97,31,55,11
1500000US060770020002,15000US060770020002,Block Group 2; Census Tract 20; San Joaquin County; California,906,161,126,287,283,169,167,96,71,0
1500000US060770020003,15000US060770020003,Block Group 3; Census Tract 20; San Joaquin County; California,642,141,145,286,102,221,33,15,0,18
1500000US060770021001,15000US060770021001,Block Group 1; Census Tract 21; San Joaquin County; California,887,135,122,257,316,197,117,38,40,39
1500000US060770021002,15000US060770021002,Block Group 2; Census Tract 21; San Joaquin County; California,396,80,0,80,127,124,65,38,27,0
1500000US060770021003,15000US060770021003,Block Group 3; Census Tract 21; San Joaquin County; California,650,101,150,251,229,132,38,13,8,17
1500000US060770021004,15000US060770021004,Block Group 4; Census Tract 21; San Joaquin County; California,490,113,54,167,164,67,92,48,44,0
1500000US060770022011,15000US060770022011,Block Group 1; Census Tract 22.01; San Joaquin County; California,401,29,79,108,207,52,34,9,25,0
1500000US060770022012,15000US060770022012,Block Group 2; Census Tract 22.01; San Joaquin County; California,1009,225,89,314,434,186,75,62,13,0
1500000US060770022021,15000US060770022021,Block Group 1; Census Tract 22.02; San Joaquin County; California,684,113,99,212,253,146,73,38,21,14
1500000US060770022022,15000US060770022022,Block Group 2; Census Tract 22.02; San Joaquin County; California,856,152,113,265,364,150,77,55,22,0
1500000US060770022023,15000US060770022023,Block Group 3; Census Tract 22.02; San Joaquin County; California,836,136,105,241,366,135,94,42,29,23
1500000US060770023001,15000US060770023001,Block Group 1; Census Tract 23; San Joaquin County; California,636,78,12,90,367,96,83,59,12,12
1500000US060770023002,15000US060770023002,Block Group 2; Census Tract 23; San Joaquin County; California,527,100,87,187,108,198,34,25,9,0
1500000US060770023003,15000US060770023003,Block Group 3; Census Tract 23; San Joaquin County; California,662,129,125,254,283,66,59,44,15,0
1500000US060770024011,15000US060770024011,Block Group 1; Census Tract 24.01; San Joaquin County; California,544,22,112,134,221,133,56,13,43,0
1500000US060770024012,15000US060770024012,Block Group 2; Census Tract 24.01; San Joaquin County; California,740,42,12,54,368,100,218,157,23,38
1500000US060770024013,15000US060770024013,Block Group 3; Census Tract 24.01; San Joaquin County; California,601,103,103,206,177,90,128,36,71,21
1500000US060770024021,15000US060770024021,Block Group 1; Census Tract 24.02; San Joaquin County; California,556,82,44,126,244,82,104,40,57,7
1500000US060770024022,15000US060770024022,Block Group 2; Census Tract 24.02; San Joaquin County; California,451,50,30,80,187,60,124,26,52,46
1500000US060770025031,15000US060770025031,Block Group 1; Census Tract 25.03; San Joaquin County; California,465,105,146,251,120,50,44,15,29,0
1500000US060770025032,15000US060770025032,Block Group 2; Census Tract 25.03; San Joaquin County; California,799,129,141,270,208,172,149,48,88,13
1500000US060770025041,15000US060770025041,Block Group 1; Census Tract 25.04; San Joaquin County; California,1408,213,75,288,667,182,271,158,100,13
1500000US060770025042,15000US060770025042,Block Group 2; Census Tract 25.04; San Joaquin County; California,1435,253,86,339,612,292,192,56,99,37
1500000US060770027011,15000US060770027011,Block Group 1; Census Tract 27.01; San Joaquin County; California,658,77,146,223,329,106,0,0,0,0
1500000US060770027012,15000US060770027012,Block Group 2; Census Tract 27.01; San Joaquin County; California,581,107,98,205,199,93,84,10,24,50
1500000US060770027013,15000US060770027013,Block Group 3; Census Tract 27.01; San Joaquin County; California,959,181,189,370,444,72,73,44,22,7
1500000US060770027014,15000US060770027014,Block Group 4; Census Tract 27.01; San Joaquin County; California,908,84,180,264,350,126,168,35,53,80
1500000US060770027021,15000US060770027021,Block Group 1; Census Tract 27.02; San Joaquin County; California,520,133,43,176,159,101,84,74,10,0
1500000US060770027022,15000US060770027022,Block Group 2; Census Tract 27.02; San Joaquin County; California,533,133,54,187,132,115,99,33,66,0
1500000US060770027023,15000US060770027023,Block Group 3; Census Tract 27.02; San Joaquin County; California,867,384,73,457,308,82,20,0,20,0
1500000US060770028001,15000US060770028001,Block Group 1; Census Tract 28; San Joaquin County; California,1043,107,160,267,429,201,146,22,87,37
1500000US060770028002,15000US060770028002,Block Group 2; Census Tract 28; San Joaquin County; California,453,120,85,205,83,86,79,27,46,6
1500000US060770028003,15000US060770028003,Block Group 3; Census Tract 28; San Joaquin County; California,1072,196,71,267,270,362,173,83,82,8
1500000US060770028004,15000US060770028004,Block Group 4; Census Tract 28; San Joaquin County; California,1168,239,118,357,457,256,98,45,47,6
1500000US060770031061,15000US060770031061,Block Group 1; Census Tract 31.06; San Joaquin County; California,1023,49,67,116,187,378,342,54,88,200
1500000US060770031062,15000US060770031062,Block Group 2; Census Tract 31.06; San Joaquin County; California,781,18,83,101,403,118,159,57,76,26
1500000US060770031063,15000US060770031063,Block Group 3; Census Tract 31.06; San Joaquin County; California,1444,8,138,146,267,257,774,72,295,407
1500000US060770031081,15000US060770031081,Block Group 1; Census Tract 31.08; San Joaquin County; California,989,10,0,10,138,317,524,57,320,147
1500000US060770031082,15000US060770031082,Block Group 2; Census Tract 31.08; San Joaquin County; California,1038,20,67,87,367,279,305,91,156,58
1500000US060770031083,15000US060770031083,Block Group 3; Census Tract 31.08; San Joaquin County; California,1118,45,19,64,423,218,413,277,111,25
1500000US060770031091,15000US060770031091,Block Group 1; Census Tract 31.09; San Joaquin County; California,613,129,112,241,80,292,0,0,0,0
1500000US060770031092,15000US060770031092,Block Group 2; Census Tract 31.09; San Joaquin County; California,1042,0,108,108,195,241,498,109,236,153
1500000US060770031093,15000US060770031093,Block Group 3; Census Tract 31.09; San Joaquin County; California,549,0,81,81,279,113,76,21,31,24
1500000US060770031094,15000US060770031094,Block Group 4; Census Tract 31.09; San Joaquin County; California,1187,46,53,99,70,476,542,33,307,202
1500000US060770031101,15000US060770031101,Block Group 1; Census Tract 31.10; San Joaquin County; California,914,100,14,114,109,251,440,126,191,123
1500000US060770031102,15000US060770031102,Block Group 2; Census Tract 31.10; San Joaquin County; California,738,40,96,136,140,303,159,50,63,46
1500000US060770031103,15000US060770031103,Block Group 3; Census Tract 31.10; San Joaquin County; California,1289,62,217,279,384,407,219,103,63,53
1500000US060770031111,15000US060770031111,Block Group 1; Census Tract 31.11; San Joaquin County; California,1818,73,193,266,554,677,321,118,133,70
1500000US060770031112,15000US060770031112,Block Group 2; Census Tract 31.11; San Joaquin County; California,1705,65,61,126,436,395,748,387,276,85
1500000US060770031121,15000US060770031121,Block Group 1; Census Tract 31.12; San Joaquin County; California,1508,43,54,97,354,471,586,283,156,147
1500000US060770031122,15000US060770031122,Block Group 2; Census Tract 31.12; San Joaquin County; California,1066,16,0,16,244,170,636,103,309,224
1500000US060770031151,15000US060770031151,Block Group 1; Census Tract 31.15; San Joaquin County; California,1121,23,201,224,246,461,190,127,63,0
1500000US060770031152,15000US060770031152,Block Group 2; Census Tract 31.15; San Joaquin County; California,748,102,10,112,164,148,324,68,191,65
1500000US060770031153,15000US060770031153,Block Group 3; Census Tract 31.15; San Joaquin County; California,811,23,0,23,187,153,448,151,190,107
1500000US060770031161,15000US060770031161,Block Group 1; Census Tract 31.16; San Joaquin County; California,724,68,44,112,158,349,105,92,13,0
1500000US060770031162,15000US060770031162,Block Group 2; Census Tract 31.16; San Joaquin County; California,671,21,69,90,218,148,215,26,163,26
1500000US060770031171,15000US060770031171,Block Group 1; Census Tract 31.17; San Joaquin County; California,1371,14,0,14,141,356,860,83,463,314
1500000US060770031172,15000US060770031172,Block Group 2; Census Tract 31.17; San Joaquin County; California,916,14,25,39,81,134,662,82,335,245
1500000US060770031181,15000US060770031181,Block Group 1; Census Tract 31.18; San Joaquin County; California,1026,101,23,124,306,176,420,145,231,44
1500000US060770031182,15000US060770031182,Block Group 2; Census Tract 31.18; San Joaquin County; California,1597,25,0,25,378,365,829,125,585,119
1500000US060770031191,15000US060770031191,Block Group 1; Census Tract 31.19; San Joaquin County; California,594,15,34,49,215,84,246,53,152,41
1500000US060770031192,15000US060770031192,Block Group 2; Census Tract 31.19; San Joaquin County; California,829,18,12,30,106,177,516,83,309,124
1500000US060770031193,15000US060770031193,Block Group 3; Census Tract 31.19; San Joaquin County; California,634,10,13,23,93,30,488,90,89,309
1500000US060770032031,15000US060770032031,Block Group 1; Census Tract 32.03; San Joaquin County; California,1350,26,21,47,431,298,574,237,200,137
1500000US060770032032,15000US060770032032,Block Group 2; Census Tract 32.03; San Joaquin County; California,1509,6,135,141,507,412,449,89,238,122
1500000US060770032051,15000US060770032051,Block Group 1; Census Tract 32.05; San Joaquin County; California,664,8,33,41,174,261,188,55,98,35
1500000US060770032052,15000US060770032052,Block Group 2; Census Tract 32.05; San Joaquin County; California,1531,63,97,160,548,464,359,110,166,83
1500000US060770032053,15000US060770032053,Block Group 3; Census Tract 32.05; San Joaquin County; California,773,37,34,71,325,203,174,74,37,63
1500000US060770032091,15000US060770032091,Block Group 1; Census Tract 32.09; San Joaquin County; California,1237,9,60,69,402,341,425,155,159,111
1500000US060770032092,15000US060770032092,Block Group 2; Census Tract 32.09; San Joaquin County; California,964,48,90,138,287,252,287,112,80,95
1500000US060770032093,15000US060770032093,Block Group 3; Census Tract 32.09; San Joaquin County; California,1677,0,88,88,531,579,479,69,244,166
1500000US060770032101,15000US060770032101,Block Group 1; Census Tract 32.10; San Joaquin County; California,1172,108,59,167,407,339,259,88,125,46
1500000US060770032102,15000US060770032102,Block Group 2; Census Tract 32.10; San Joaquin County; California,672,41,66,107,187,151,227,41,129,57
1500000US060770032131,15000US060770032131,Block Group 1; Census Tract 32.13; San Joaquin County; California,750,62,57,119,256,152,223,70,143,10
1500000US060770032132,15000US060770032132,Block Group 2; Census Tract 32.13; San Joaquin County; California,942,108,21,129,214,242,357,226,64,67
1500000US060770032133,15000US060770032133,Block Group 3; Census Tract 32.13; San Joaquin County; California,497,2,47,49,258,142,48,15,17,16
1500000US060770032134,15000US060770032134,Block Group 4; Census Tract 32.13; San Joaquin County; California,1194,17,57,74,255,487,378,137,174,67
1500000US060770032141,15000US060770032141,Block Group 1; Census Tract 32.14; San Joaquin County; California,759,120,21,141,262,210,146,74,47,25
1500000US060770032142,15000US060770032142,Block Group 2; Census Tract 32.14; San Joaquin County; California,1373,69,49,118,423,469,363,186,127,50
1500000US060770032151,15000US060770032151,Block Group 1; Census Tract 32.15; San Joaquin County; California,770,10,0,10,296,111,353,113,166,74
1500000US060770032152,15000US060770032152,Block Group 2; Census Tract 32.15; San Joaquin County; California,766,68,90,158,151,194,263,68,148,47
1500000US060770032153,15000US060770032153,Block Group 3; Census Tract 32.15; San Joaquin County; California,580,30,126,156,190,184,50,0,42,8
1500000US060770032154,15000US060770032154,Block Group 4; Census Tract 32.15; San Joaquin County; California,795,11,0,11,215,447,122,25,30,67
1500000US060770032161,15000US060770032161,Block Group 1; Census Tract 32.16; San Joaquin County; California,1301,80,144,224,309,433,335,96,141,98
1500000US060770032162,15000US060770032162,Block Group 2; Census Tract 32.16; San Joaquin County; California,1120,34,138,172,349,299,300,131,122,47
1500000US060770032171,15000US060770032171,Block Group 1; Census Tract 32.17; San Joaquin County; California,907,65,88,153,311,334,109,29,80,0
1500000US060770032172,15000US060770032172,Block Group 2; Census Tract 32.17; San Joaquin County; California,988,83,68,151,510,211,116,45,55,16
1500000US060770032181,15000US060770032181,Block Group 1; Census Tract 32.18; San Joaquin County; California,1540,55,17,72,426,289,753,285,282,186
1500000US060770032182,15000US060770032182,Block Group 2; Census Tract 32.18; San Joaquin County; California,827,54,6,60,216,209,342,88,254,0
1500000US060770032191,15000US060770032191,Block Group 1; Census Tract 32.19; San Joaquin County; California,903,65,31,96,88,262,457,42,317,98
1500000US060770032192,15000US060770032192,Block Group 2; Census Tract 32.19; San Joaquin County; California,1623,81,192,273,274,407,669,381,195,93
1500000US060770032193,15000US060770032193,Block Group 3; Census Tract 32.19; San Joaquin County; California,828,127,65,192,25,91,520,41,287,192
1500000US060770032194,15000US060770032194,Block Group 4; Census Tract 32.19; San Joaquin County; California,1411,51,54,105,252,453,601,98,417,86
1500000US060770032195,15000US060770032195,Block Group 5; Census Tract 32.19; San Joaquin County; California,2503,227,0,227,420,749,1107,228,718,161
1500000US060770033051,15000US060770033051,Block Group 1; Census Tract 33.05; San Joaquin County; California,951,53,92,145,341,339,126,81,17,28
1500000US060770033052,15000US060770033052,Block Group 2; Census Tract 33.05; San Joaquin County; California,863,38,102,140,218,349,156,25,117,14
1500000US060770033053,15000US060770033053,Block Group 3; Census Tract 33.05; San Joaquin County; California,1254,54,246,300,384,190,380,149,147,84
1500000US060770033061,15000US060770033061,Block Group 1; Census Tract 33.06; San Joaquin County; California,1133,57,65,122,479,253,279,180,99,0
1500000US060770033062,15000US060770033062,Block Group 2; Census Tract 33.06; San Joaquin County; California,578,48,39,87,232,162,97,85,0,12
1500000US060770033063,15000US060770033063,Block Group 3; Census Tract 33.06; San Joaquin County; California,928,112,82,194,226,223,285,175,64,46
1500000US060770033071,15000US060770033071,Block Group 1; Census Tract 33.07; San Joaquin County; California,1073,14,187,201,477,217,178,110,23,45
1500000US060770033072,15000US060770033072,Block Group 2; Census Tract 33.07; San Joaquin County; California,962,48,52,100,278,323,261,76,144,41
1500000US060770033073,15000US060770033073,Block Group 3; Census Tract 33.07; San Joaquin County; California,724,109,52,161,356,106,101,17,52,32
1500000US060770033081,15000US060770033081,Block Group 1; Census Tract 33.08; San Joaquin County; California,1069,13,61,74,362,277,356,167,116,73
1500000US060770033101,15000US060770033101,Block Group 1; Census Tract 33.10; San Joaquin County; California,965,154,154,308,245,277,135,44,63,28
1500000US060770033102,15000US060770033102,Block Group 2; Census Tract 33.10; San Joaquin County; California,937,81,195,276,329,185,147,50,69,28
1500000US060770033103,15000US060770033103,Block Group 3; Census Tract 33.10; San Joaquin County; California,1094,14,168,182,416,377,119,119,0,0
1500000US060770033111,15000US060770033111,Block Group 1; Census Tract 33.11; San Joaquin County; California,1064,32,197,229,367,275,193,126,67,0
1500000US060770033112,15000US060770033112,Block Group 2; Census Tract 33.11; San Joaquin County; California,1227,59,104,163,431,384,249,165,84,0
1500000US060770033121,15000US060770033121,Block Group 1; Census Tract 33.12; San Joaquin County; California,479,4,71,75,213,85,106,23,83,0
1500000US060770033122,15000US060770033122,Block Group 2; Census Tract 33.12; San Joaquin County; California,797,72,108,180,279,187,151,100,28,23
1500000US060770033123,15000US060770033123,Block Group 3; Census Tract 33.12; San Joaquin County; California,468,9,131,140,185,113,30,15,15,0
1500000US060770033131,15000US060770033131,Block Group 1; Census Tract 33.13; San Joaquin County; California,1040,83,131,214,477,179,170,63,67,40
1500000US060770033132,15000US060770033132,Block Group 2; Census Tract 33.13; San Joaquin County; California,967,63,30,93,342,305,227,108,83,36
1500000US060770034031,15000US060770034031,Block Group 1; Census Tract 34.03; San Joaquin County; California,692,86,142,228,160,178,126,83,28,15
1500000US060770034032,15000US060770034032,Block Group 2; Census Tract 34.03; San Joaquin County; California,1603,118,67,185,487,511,420,184,139,97
1500000US060770034033,15000US060770034033,Block Group 3; Census Tract 34.03; San Joaquin County; California,1102,126,83,209,434,253,206,95,101,10
1500000US060770034041,15000US060770034041,Block Group 1; Census Tract 34.04; San Joaquin County; California,968,237,135,372,291,186,119,108,3,8
1500000US060770034042,15000US060770034042,Block Group 2; Census Tract 34.04; San Joaquin County; California,623,96,105,201,183,146,93,32,42,19
1500000US060770034043,15000US060770034043,Block Group 3; Census Tract 34.04; San Joaquin County; California,970,76,174,250,349,169,202,59,143,0
1500000US060770034044,15000US060770034044,Block Group 4; Census Tract 34.04; San Joaquin County; California,1625,62,201,263,634,224,504,213,251,40
1500000US060770034051,15000US060770034051,Block Group 1; Census Tract 34.05; San Joaquin County; California,950,79,69,148,365,263,174,26,148,0
1500000US060770034052,15000US060770034052,Block Group 2; Census Tract 34.05; San Joaquin County; California,617,102,63,165,184,139,129,57,72,0
1500000US060770034053,15000US060770034053,Block Group 3; Census Tract 34.05; San Joaquin County; California,1124,202,74,276,309,357,182,100,82,0
1500000US060770034061,15000US060770034061,Block Group 1; Census Tract 34.06; San Joaquin County; California,1037,88,250,338,302,253,144,109,22,13
1500000US060770034062,15000US060770034062,Block Group 2; Census Tract 34.06; San Joaquin County; California,888,63,135,198,344,189,157,0,85,72
1500000US060770034071,15000US060770034071,Block Group 1; Census Tract 34.07; San Joaquin County; California,882,42,96,138,283,326,135,83,52,0
1500000US060770034072,15000US060770034072,Block Group 2; Census Tract 34.07; San Joaquin County; California,924,44,114,158,392,133,241,81,131,29
1500000US060770034091,15000US060770034091,Block Group 1; Census Tract 34.09; San Joaquin County; California,533,120,22,142,135,120,136,87,49,0
1500000US060770034092,15000US060770034092,Block Group 2; Census Tract 34.09; San Joaquin County; California,1027,81,166,247,250,250,280,110,96,74
1500000US060770034093,15000US060770034093,Block Group 3; Census Tract 34.09; San Joaquin County; California,872,0,122,122,130,168,452,207,201,44
1500000US060770034101,15000US060770034101,Block Group 1; Census Tract 34.10; San Joaquin County; California,1287,58,124,182,490,317,298,103,118,77
1500000US060770034102,15000US060770034102,Block Group 2; Census Tract 34.10; San Joaquin County; California,880,52,118,170,317,226,167,58,104,5
1500000US060770034103,15000US060770034103,Block Group 3; Census Tract 34.10; San Joaquin County; California,1102,26,133,159,478,270,195,92,78,25
1500000US060770034104,15000US060770034104,Block Group 4; Census Tract 34.10; San Joaquin County; California,849,113,63,176,479,147,47,35,12,0
1500000US060770035011,15000US060770035011,Block Group 1; Census Tract 35.01; San Joaquin County; California,822,29,33,62,443,99,218,59,77,82
1500000US060770035012,15000US060770035012,Block Group 2; Census Tract 35.01; San Joaquin County; California,634,0,14,14,273,160,187,19,120,48
1500000US060770035021,15000US060770035021,Block Group 1; Census Tract 35.02; San Joaquin County; California,547,0,39,39,102,138,268,31,62,175
1500000US060770035022,15000US060770035022,Block Group 2; Census Tract 35.02; San Joaquin County; California,804,5,6,11,99,123,571,30,236,305
1500000US060770035023,15000US060770035023,Block Group 3; Census Tract 35.02; San Joaquin County; California,787,31,65,96,263,243,185,84,101,0
1500000US060770035031,15000US060770035031,Block Group 1; Census Tract 35.03; San Joaquin County; California,462,95,17,112,70,97,183,0,99,84
1500000US060770035032,15000US060770035032,Block Group 2; Census Tract 35.03; San Joaquin County; California,1204,28,40,68,427,220,489,152,300,37
1500000US060770035033,15000US060770035033,Block Group 3; Census Tract 35.03; San Joaquin County; California,809,114,113,227,269,100,213,162,19,32
1500000US060770035034,15000US060770035034,Block Group 4; Census Tract 35.03; San Joaquin County; California,2704,139,24,163,679,747,1115,474,541,100
1500000US060770035041,15000US060770035041,Block Group 1; Census Tract 35.04; San Joaquin County; California,2783,244,99,343,768,842,830,270,386,174
1500000US060770035042,15000US060770035042,Block Group 2; Census Tract 35.04; San Joaquin County; California,712,17,55,72,257,230,153,0,45,108
1500000US060770035043,15000US060770035043,Block Group 3; Census Tract 35.04; San Joaquin County; California,1715,110,177,287,704,256,468,99,322,47
1500000US060770036011,15000US060770036011,Block Group 1; Census Tract 36.01; San Joaquin County; California,334,0,16,16,149,75,94,31,55,8
1500000US060770036012,15000US060770036012,Block Group 2; Census Tract 36.01; San Joaquin County; California,635,11,81,92,241,204,98,49,11,38
1500000US060770036013,15000US060770036013,Block Group 3; Census Tract 36.01; San Joaquin County; California,491,0,69,69,178,122,122,36,47,39
1500000US060770036014,15000US060770036014,Block Group 4; Census Tract 36.01; San Joaquin County; California,762,10,29,39,312,130,281,133,98,50
1500000US060770036021,15000US060770036021,Block Group 1; Census Tract 36.02; San Joaquin County; California,986,11,19,30,290,294,372,179,129,64
1500000US060770036022,15000US060770036022,Block Group 2; Census Tract 36.02; San Joaquin County; California,386,6,58,64,63,97,162,21,106,35
1500000US060770036023,15000US060770036023,Block Group 3; Census Tract 36.02; San Joaquin County; California,884,122,16,138,212,333,201,63,111,27
1500000US060770037001,15000US060770037001,Block Group 1; Census Tract 37; San Joaquin County; California,622,73,115,188,277,86,71,33,14,24
1500000US060770037002,15000US060770037002,Block Group 2; Census Tract 37; San Joaquin County; California,831,71,45,116,336,271,108,43,31,34
1500000US060770037003,15000US060770037003,Block Group 3; Census Tract 37; San Joaquin County; California,759,20,122,142,352,95,170,137,33,0
1500000US060770038031,15000US060770038031,Block Group 1; Census Tract 38.03; San Joaquin County; California,258,13,0,13,137,71,37,37,0,0
1500000US060770038032,15000US060770038032,Block Group 2; Census Tract 38.03; San Joaquin County; California,2904,117,577,694,1220,577,413,117,219,77
1500000US060770038033,15000US060770038033,Block Group 3; Census Tract 38.03; San Joaquin County; California,809,34,135,169,240,243,157,52,78,27
1500000US060770038041,15000US060770038041,Block Group 1; Census Tract 38.04; San Joaquin County; California,1071,13,69,82,546,196,247,97,57,93
1500000US060770038042,15000US060770038042,Block Group 2; Census Tract 38.04; San Joaquin County; California,1646,197,83,280,436,625,305,79,134,92
1500000US060770038043,15000US060770038043,Block Group 3; Census Tract 38.04; San Joaquin County; California,1086,166,84,250,403,186,247,80,117,50
1500000US060770038051,15000US060770038051,Block Group 1; Census Tract 38.05; San Joaquin County; California,946,90,109,199,402,206,139,95,37,7
1500000US060770038052,15000US060770038052,Block Group 2; Census Tract 38.05; San Joaquin County; California,1151,73,21,94,400,228,429,156,218,55
1500000US060770038061,15000US060770038061,Block Group 1; Census Tract 38.06; San Joaquin County; California,1177,83,36,119,247,428,383,191,86,106
1500000US060770038062,15000US060770038062,Block Group 2; Census Tract 38.06; San Joaquin County; California,1047,102,39,141,219,323,364,157,168,39
1500000US060770038071,15000US060770038071,Block Group 1; Census Tract 38.07; San Joaquin County; California,1012,0,107,107,172,237,496,63,405,28
1500000US060770038072,15000US060770038072,Block Group 2; Census Tract 38.07; San Joaquin County; California,557,41,73,114,169,107,167,56,111,0
1500000US060770038081,15000US060770038081,Block Group 1; Census Tract 38.08; San Joaquin County; California,1485,99,172,271,421,496,297,227,63,7
1500000US060770038082,15000US060770038082,Block Group 2; Census Tract 38.08; San Joaquin County; California,1271,166,41,207,248,489,327,156,157,14
1500000US060770038083,15000US060770038083,Block Group 3; Census Tract 38.08; San Joaquin County; California,582,97,50,147,147,147,141,51,72,18
1500000US060770039001,15000US060770039001,Block Group 1; Census Tract 39; San Joaquin County; California,493,26,36,62,177,122,132,79,53,0
1500000US060770039002,15000US060770039002,Block Group 2; Census Tract 39; San Joaquin County; California,346,35,1,36,160,12,138,16,62,60
1500000US060770040011,15000US060770040011,Block Group 1; Census Tract 40.01; San Joaquin County; California,621,0,56,56,185,146,234,96,113,25
1500000US060770040012,15000US060770040012,Block Group 2; Census Tract 40.01; San Joaquin County; California,600,34,100,134,156,161,149,36,96,17
1500000US060770040031,15000US060770040031,Block Group 1; Census Tract 40.03; San Joaquin County; California,1059,32,85,117,19,169,754,156,369,229
1500000US060770040032,15000US060770040032,Block Group 2; Census Tract 40.03; San Joaquin County; California,1516,49,78,127,298,544,547,142,198,207
1500000US060770040033,15000US060770040033,Block Group 3; Census Tract 40.03; San Joaquin County; California,1138,24,153,177,181,302,478,266,190,22
1500000US060770040041,15000US060770040041,Block Group 1; Census Tract 40.04; San Joaquin County; California,1151,0,0,0,181,362,608,119,287,202
1500000US060770040042,15000US060770040042,Block Group 2; Census Tract 40.04; San Joaquin County; California,706,0,0,0,384,163,159,12,44,103
1500000US060770040043,15000US060770040043,Block Group 3; Census Tract 40.04; San Joaquin County; California,1680,178,71,249,433,302,696,175,409,112
1500000US060770040044,15000US060770040044,Block Group 4; Census Tract 40.04; San Joaquin County; California,881,25,24,49,168,162,502,227,151,124
1500000US060770041041,15000US060770041041,Block Group 1; Census Tract 41.04; San Joaquin County; California,1803,7,26,33,308,610,852,283,375,194
1500000US060770041042,15000US060770041042,Block Group 2; Census Tract 41.04; San Joaquin County; California,837,45,52,97,133,170,437,102,243,92
1500000US060770041043,15000US060770041043,Block Group 3; Census Tract 41.04; San Joaquin County; California,788,46,0,46,136,165,441,114,192,135
1500000US060770041051,15000US060770041051,Block Group 1; Census Tract 41.05; San Joaquin County; California,1022,4,0,4,345,120,553,165,282,106
1500000US060770041052,15000US060770041052,Block Group 2; Census Tract 41.05; San Joaquin County; California,943,15,15,30,146,375,392,95,244,53
1500000US060770041053,15000US060770041053,Block Group 3; Census Tract 41.05; San Joaquin County; California,990,43,40,83,267,346,294,116,90,88
1500000US060770041054,15000US060770041054,Block Group 4; Census Tract 41.05; San Joaquin County; California,1184,58,7,65,338,285,496,179,161,156
1500000US060770041061,15000US060770041061,Block Group 1; Census Tract 41.06; San Joaquin County; California,1145,68,49,117,324,272,432,80,243,109
1500000US060770041062,15000US060770041062,Block Group 2; Census Tract 41.06; San Joaquin County; California,472,11,0,11,84,114,263,50,150,63
1500000US060770041071,15000US060770041071,Block Group 1; Census Tract 41.07; San Joaquin County; California,1472,14,99,113,596,378,385,129,107,149
1500000US060770041072,15000US060770041072,Block Group 2; Census Tract 41.07; San Joaquin County; California,867,12,0,12,257,175,423,118,173,132
1500000US060770041081,15000US060770041081,Block Group 1; Census Tract 41.08; San Joaquin County; California,1079,185,22,207,311,48,513,110,375,28
1500000US060770041082,15000US060770041082,Block Group 2; Census Tract 41.08; San Joaquin County; California,1107,56,40,96,335,310,366,105,261,0
1500000US060770041083,15000US060770041083,Block Group 3; Census Tract 41.08; San Joaquin County; California,1281,15,58,73,307,303,598,193,285,120
1500000US060770041084,15000US060770041084,Block Group 4; Census Tract 41.08; San Joaquin County; California,1851,141,0,141,159,392,1159,177,765,217
1500000US060770042021,15000US060770042021,Block Group 1; Census Tract 42.02; San Joaquin County; California,1508,65,51,116,355,410,627,157,255,215
1500000US060770042031,15000US060770042031,Block Group 1; Census Tract 42.03; San Joaquin County; California,1489,52,6,58,279,621,531,56,290,185
1500000US060770042032,15000US060770042032,Block Group 2; Census Tract 42.03; San Joaquin County; California,590,12,39,51,250,239,50,33,17,0
1500000US060770042033,15000US060770042033,Block Group 3; Census Tract 42.03; San Joaquin County; California,638,13,110,123,166,154,195,92,70,33
1500000US060770042041,15000US060770042041,Block Group 1; Census Tract 42.04; San Joaquin County; California,707,29,33,62,209,260,176,70,53,53
1500000US060770042042,15000US060770042042,Block Group 2; Census Tract 42.04; San Joaquin County; California,723,10,67,77,81,192,373,116,127,130
1500000US060770042043,15000US060770042043,Block Group 3; Census Tract 42.04; San Joaquin County; California,500,0,0,0,77,167,256,56,100,100
1500000US060770042051,15000US060770042051,Block Group 1; Census Tract 42.05; San Joaquin County; California,579,11,25,36,207,159,177,62,86,29
1500000US060770042052,15000US060770042052,Block Group 2; Census Tract 42.05; San Joaquin County; California,1175,0,138,138,600,229,208,80,128,0
1500000US060770042053,15000US060770042053,Block Group 3; Census Tract 42.05; San Joaquin County; California,507,22,17,39,120,183,165,77,51,37
1500000US060770042061,15000US060770042061,Block Group 1; Census Tract 42.06; San Joaquin County; California,1416,32,42,74,576,508,258,107,88,63
1500000US060770042062,15000US060770042062,Block Group 2; Census Tract 42.06; San Joaquin County; California,892,28,41,69,202,298,323,50,87,186
1500000US060770043021,15000US060770043021,Block Group 1; Census Tract 43.02; San Joaquin County; California,787,25,0,25,538,114,110,66,44,0
1500000US060770043022,15000US060770043022,Block Group 2; Census Tract 43.02; San Joaquin County; California,1184,64,66,130,341,207,506,148,92,266
1500000US060770043023,15000US060770043023,Block Group 3; Census Tract 43.02; San Joaquin County; California,1399,318,99,417,374,225,383,115,264,4
1500000US060770043024,15000US060770043024,Block Group 4; Census Tract 43.02; San Joaquin County; California,1223,22,64,86,541,223,373,35,196,142
1500000US060770043051,15000US060770043051,Block Group 1; Census Tract 43.05; San Joaquin County; California,889,49,15,64,258,102,465,140,160,165
1500000US060770043052,15000US060770043052,Block Group 2; Census Tract 43.05; San Joaquin County; California,1186,60,15,75,265,175,671,181,322,168
1500000US060770043053,15000US060770043053,Block Group 3; Census Tract 43.05; San Joaquin County; California,945,0,0,0,303,332,310,40,226,44
1500000US060770043054,15000US060770043054,Block Group 4; Census Tract 43.05; San Joaquin County; California,1003,0,18,18,273,243,469,118,210,141
1500000US060770043071,15000US060770043071,Block Group 1; Census Tract 43.07; San Joaquin County; California,1148,36,19,55,270,401,422,133,213,76
1500000US060770043072,15000US060770043072,Block Group 2; Census Tract 43.07; San Joaquin County; California,855,57,8,65,309,246,235,57,108,70
1500000US060770043073,15000US060770043073,Block Group 3; Census Tract 43.07; San Joaquin County; California,646,15,59,74,158,166,248,57,151,40
1500000US060770043081,15000US060770043081,Block Group 1; Census Tract 43.08; San Joaquin County; California,801,60,94,154,391,132,124,60,50,14
1500000US060770043082,15000US060770043082,Block Group 2; Census Tract 43.08; San Joaquin County; California,663,47,35,82,301,135,145,52,78,15
1500000US060770043083,15000US060770043083,Block Group 3; Census Tract 43.08; San Joaquin County; California,851,0,47,47,395,57,352,239,105,8
1500000US060770043091,15000US060770043091,Block Group 1; Census Tract 43.09; San Joaquin County; California,746,4,7,11,154,246,335,47,196,92
1500000US060770043092,15000US060770043092,Block Group 2; Census Tract 43.09; San Joaquin County; California,843,0,43,43,285,177,338,49,202,87
1500000US060770043101,15000US060770043101,Block Group 1; Census Tract 43.10; San Joaquin County; California,1343,8,14,22,303,393,625,89,442,94
1500000US060770043102,15000US060770043102,Block Group 2; Census Tract 43.10; San Joaquin County; California,903,32,60,92,215,140,456,57,276,123
1500000US060770044021,15000US060770044021,Block Group 1; Census Tract 44.02; San Joaquin County; California,828,16,58,74,337,279,138,94,32,12
1500000US060770044022,15000US060770044022,Block Group 2; Census Tract 44.02; San Joaquin County; California,1289,209,30,239,309,403,338,103,224,11
1500000US060770044023,15000US060770044023,Block Group 3; Census Tract 44.02; San Joaquin County; California,1510,154,83,237,368,369,536,238,229,69
1500000US060770044031,15000US060770044031,Block Group 1; Census Tract 44.03; San Joaquin County; California,1056,275,156,431,392,129,104,30,68,6
1500000US060770044032,15000US060770044032,Block Group 2; Census Tract 44.03; San Joaquin County; California,338,61,9,70,128,35,105,20,68,17
1500000US060770044033,15000US060770044033,Block Group 3; Census Tract 44.03; San Joaquin County; California,248,21,7,28,68,87,65,51,14,0
1500000US060770044041,15000US060770044041,Block Group 1; Census Tract 44.04; San Joaquin County; California,704,98,69,167,245,193,99,22,51,26
1500000US060770044042,15000US060770044042,Block Group 2; Census Tract 44.04; San Joaquin County; California,650,58,140,198,264,112,76,36,27,13
1500000US060770044043,15000US060770044043,Block Group 3; Census Tract 44.04; San Joaquin County; California,628,82,52,134,168,147,179,55,74,50
1500000US060770045011,15000US060770045011,Block Group 1; Census Tract 45.01; San Joaquin County; California,832,25,37,62,263,182,325,96,147,82
1500000US060770045012,15000US060770045012,Block Group 2; Census Tract 45.01; San Joaquin County; California,794,56,62,118,270,228,178,69,103,6
1500000US060770045021,15000US060770045021,Block Group 1; Census Tract 45.02; San Joaquin County; California,721,192,7,199,252,141,129,70,59,0
1500000US060770045022,15000US060770045022,Block Group 2; Census Tract 45.02; San Joaquin County; California,382,87,41,128,74,88,92,14,78,0
1500000US060770045023,15000US060770045023,Block Group 3; Census Tract 45.02; San Joaquin County; California,379,49,82,131,142,59,47,47,0,0
1500000US060770046001,15000US060770046001,Block Group 1; Census Tract 46; San Joaquin County; California,973,86,25,111,221,297,344,124,165,55
1500000US060770046002,15000US060770046002,Block Group 2; Census Tract 46; San Joaquin County; California,556,0,92,92,248,45,171,54,97,20
1500000US060770046003,15000US060770046003,Block Group 3; Census Tract 46; San Joaquin County; California,612,0,10,10,156,89,357,46,301,10
1500000US060770046004,15000US060770046004,Block Group 4; Census Tract 46; San Joaquin County; California,878,0,136,136,244,208,290,180,46,64
1500000US060770046005,15000US060770046005,Block Group 5; Census Tract 46; San Joaquin County; California,755,16,52,68,154,269,264,33,15,216
1500000US060770047011,15000US060770047011,Block Group 1; Census Tract 47.01; San Joaquin County; California,779,0,22,22,117,201,439,28,101,310
1500000US060770047012,15000US060770047012,Block Group 2; Census Tract 47.01; San Joaquin County; California,1389,28,58,86,599,336,368,145,184,39
1500000US060770047031,15000US060770047031,Block Group 1; Census Tract 47.03; San Joaquin County; California,845,6,15,21,251,201,372,87,235,50
1500000US060770047032,15000US060770047032,Block Group 2; Census Tract 47.03; San Joaquin County; California,884,24,78,102,269,318,195,25,106,64
1500000US060770047033,15000US060770047033,Block Group 3; Census Tract 47.03; San Joaquin County; California,1085,42,46,88,425,246,326,135,127,64
1500000US060770047041,15000US060770047041,Block Group 1; Census Tract 47.04; San Joaquin County; California,630,19,19,38,133,298,161,99,20,42
1500000US060770047042,15000US060770047042,Block Group 2; Census Tract 47.04; San Joaquin County; California,918,79,71,150,289,191,288,116,136,36
1500000US060770047043,15000US060770047043,Block Group 3; Census Tract 47.04; San Joaquin County; California,1099,43,63,106,247,449,297,106,131,60
1500000US060770047044,15000US060770047044,Block Group 4; Census Tract 47.04; San Joaquin County; California,891,56,60,116,159,223,393,108,171,114
1500000US060770048001,15000US060770048001,Block Group 1; Census Tract 48; San Joaquin County; California,624,24,24,48,102,210,264,93,138,33
1500000US060770048002,15000US060770048002,Block Group 2; Census Tract 48; San Joaquin County; California,1357,49,8,57,340,407,553,74,312,167
1500000US060770048003,15000US060770048003,Block Group 3; Census Tract 48; San Joaquin County; California,550,26,35,61,205,39,245,94,120,31
1500000US060770048004,15000US060770048004,Block Group 4; Census Tract 48; San Joaquin County; California,1154,89,53,142,407,277,328,114,131,83
1500000US060770049031,15000US060770049031,Block Group 1; Census Tract 49.03; San Joaquin County; California,774,37,74,111,188,229,246,88,117,41
1500000US060770049032,15000US060770049032,Block Group 2; Census Tract 49.03; San Joaquin County; California,1466,70,92,162,230,772,302,104,145,53
1500000US060770049041,15000US060770049041,Block Group 1; Census Tract 49.04; San Joaquin County; California,984,0,86,86,333,327,238,18,185,35
1500000US060770049042,15000US060770049042,Block Group 2; Census Tract 49.04; San Joaquin County; California,954,13,113,126,131,444,253,154,74,25
1500000US060770049043,15000US060770049043,Block Group 3; Census Tract 49.04; San Joaquin County; California,708,0,25,25,377,137,169,70,80,19
1500000US060770049044,15000US060770049044,Block Group 4; Census Tract 49.04; San Joaquin County; California,458,5,32,37,54,142,225,91,110,24
1500000US060770049051,15000US060770049051,Block Group 1; Census Tract 49.05; San Joaquin County; California,693,0,0,0,288,133,272,101,124,47
1500000US060770049052,15000US060770049052,Block Group 2; Census Tract 49.05; San Joaquin County; California,532,14,55,69,175,113,175,69,92,14
1500000US060770049053,15000US060770049053,Block Group 3; Census Tract 49.05; San Joaquin County; California,565,0,5,5,78,176,306,137,133,36
1500000US060770049061,15000US060770049061,Block Group 1; Census Tract 49.06; San Joaquin County; California,642,43,0,43,12,148,439,183,200,56
1500000US060770049062,15000US060770049062,Block Group 2; Census Tract 49.06; San Joaquin County; California,681,47,120,167,155,152,207,77,82,48
1500000US060770049063,15000US060770049063,Block Group 3; Census Tract 49.06; San Joaquin County; California,371,14,14,28,85,134,124,17,95,12
1500000US060770050011,15000US060770050011,Block Group 1; Census Tract 50.01; San Joaquin County; California,615,0,72,72,179,110,254,99,126,29
1500000US060770050012,15000US060770050012,Block Group 2; Census Tract 50.01; San Joaquin County; California,2394,50,228,278,540,781,795,281,407,107
1500000US060770050013,15000US060770050013,Block Group 3; Census Tract 50.01; San Joaquin County; California,644,0,32,32,126,184,302,31,180,91
1500000US060770050014,15000US060770050014,Block Group 4; Census Tract 50.01; San Joaquin County; California,1283,55,25,80,388,340,475,175,182,118
1500000US060770050031,15000US060770050031,Block Group 1; Census Tract 50.03; San Joaquin County; California,942,0,18,18,415,197,312,43,239,30
1500000US060770050032,15000US060770050032,Block Group 2; Census Tract 50.03; San Joaquin County; California,1020,31,34,65,226,297,432,135,172,125
1500000US060770050033,15000US060770050033,Block Group 3; Census Tract 50.03; San Joaquin County; California,1528,0,106,106,360,485,577,174,286,117
1500000US060770050034,15000US060770050034,Block Group 4; Census Tract 50.03; San Joaquin County; California,1193,43,16,59,428,245,461,90,263,108
1500000US060770050041,15000US060770050041,Block Group 1; Census Tract 50.04; San Joaquin County; California,768,0,0,0,117,250,401,148,137,116
1500000US060770050042,15000US060770050042,Block Group 2; Census Tract 50.04; San Joaquin County; California,1036,36,46,82,336,362,256,180,64,12
1500000US060770050043,15000US060770050043,Block Group 3; Census Tract 50.04; San Joaquin County; California,882,0,75,75,161,348,298,44,154,100
1500000US060770050044,15000US060770050044,Block Group 4; Census Tract 50.04; San Joaquin County; California,1119,3,17,20,460,316,323,187,113,23
1500000US060770051061,15000US060770051061,Block Group 1; Census Tract 51.06; San Joaquin County; California,2354,48,100,148,485,643,1078,168,631,279
1500000US060770051062,15000US060770051062,Block Group 2; Census Tract 51.06; San Joaquin County; California,1368,37,9,46,339,396,587,71,318,198
1500000US060770051063,15000US060770051063,Block Group 3; Census Tract 51.06; San Joaquin County; California,811,35,181,216,272,56,267,38,187,42
1500000US060770051064,15000US060770051064,Block Group 4; Census Tract 51.06; San Joaquin County; California,4035,88,164,252,1177,1053,1553,435,759,359
1500000US060770051081,15000US060770051081,Block Group 1; Census Tract 51.08; San Joaquin County; California,1198,5,215,220,418,374,186,76,81,29
1500000US060770051082,15000US060770051082,Block Group 2; Census Tract 51.08; San Joaquin County; California,892,55,41,96,267,301,228,78,150,0
1500000US060770051083,15000US060770051083,Block Group 3; Census Tract 51.08; San Joaquin County; California,1433,128,140,268,449,399,317,223,53,41
1500000US060770051091,15000US060770051091,Block Group 1; Census Tract 51.09; San Joaquin County; California,973,70,100,170,482,158,163,102,61,0
1500000US060770051092,15000US060770051092,Block Group 2; Census Tract 51.09; San Joaquin County; California,960,40,91,131,189,197,443,161,200,82
1500000US060770051093,15000US060770051093,Block Group 3; Census Tract 51.09; San Joaquin County; California,448,37,51,88,143,87,130,110,13,7
1500000US060770051191,15000US060770051191,Block Group 1; Census Tract 51.19; San Joaquin County; California,1330,35,206,241,508,141,440,91,315,34
1500000US060770051192,15000US060770051192,Block Group 2; Census Tract 51.19; San Joaquin County; California,186,0,0,0,124,62,0,0,0,0
1500000US060770051193,15000US060770051193,Block Group 3; Census Tract 51.19; San Joaquin County; California,2257,94,162,256,523,527,951,330,510,111
1500000US060770051194,15000US060770051194,Block Group 4; Census Tract 51.19; San Joaquin County; California,2489,99,283,382,825,660,622,111,334,177
1500000US060770051221,15000US060770051221,Block Group 1; Census Tract 51.22; San Joaquin County; California,3148,112,27,139,1138,660,1211,315,683,213
1500000US060770051222,15000US060770051222,Block Group 2; Census Tract 51.22; San Joaquin County; California,233,15,0,15,63,83,72,0,21,51
1500000US060770051223,15000US060770051223,Block Group 3; Census Tract 51.22; San Joaquin County; California,968,20,0,20,174,249,525,98,291,136
1500000US060770051224,15000US060770051224,Block Group 4; Census Tract 51.22; San Joaquin County; California,456,48,26,74,136,156,90,48,19,23
1500000US060770051231,15000US060770051231,Block Group 1; Census Tract 51.23; San Joaquin County; California,941,40,155,195,409,218,119,35,40,44
1500000US060770051232,15000US060770051232,Block Group 2; Census Tract 51.23; San Joaquin County; California,440,7,59,66,183,136,55,16,24,15
1500000US060770051233,15000US060770051233,Block Group 3; Census Tract 51.23; San Joaquin County; California,1522,9,79,88,475,476,483,186,230,67
1500000US060770051241,15000US060770051241,Block Group 1; Census Tract 51.24; San Joaquin County; California,1105,61,49,110,397,213,385,69,316,0
1500000US060770051242,15000US060770051242,Block Group 2; Census Tract 51.24; San Joaquin County; California,728,28,109,137,284,149,158,44,110,4
1500000US060770051243,15000US060770051243,Block Group 3; Census Tract 51.24; San Joaquin County; California,588,0,116,116,222,150,100,85,15,0
1500000US060770051251,15000US060770051251,Block Group 1; Census Tract 51.25; San Joaquin County; California,544,2,44,46,224,163,111,34,38,39
1500000US060770051252,15000US060770051252,Block Group 2; Census Tract 51.25; San Joaquin County; California,888,18,75,93,333,113,349,165,150,34
1500000US060770051261,15000US060770051261,Block Group 1; Census Tract 51.26; San Joaquin County; California,733,29,16,45,292,218,178,101,20,57
1500000US060770051262,15000US060770051262,Block Group 2; Census Tract 51.26; San Joaquin County; California,1067,134,93,227,456,276,108,33,75,0
1500000US060770051263,15000US060770051263,Block Group 3; Census Tract 51.26; San Joaquin County; California,1351,21,132,153,557,339,302,133,144,25
1500000US060770051271,15000US060770051271,Block Group 1; Census Tract 51.27; San Joaquin County; California,1623,182,78,260,428,400,535,274,261,0
1500000US060770051272,15000US060770051272,Block Group 2; Census Tract 51.27; San Joaquin County; California,1711,84,18,102,497,468,644,113,452,79
1500000US060770051273,15000US060770051273,Block Group 3; Census Tract 51.27; San Joaquin County; California,1530,114,111,225,426,380,499,140,300,59
1500000US060770051291,15000US060770051291,Block Group 1; Census Tract 51.29; San Joaquin County; California,922,100,68,168,367,247,140,62,78,0
1500000US060770051292,15000US060770051292,Block Group 2; Census Tract 51.29; San Joaquin County; California,1817,77,270,347,640,540,290,144,121,25
1500000US060770051301,15000US060770051301,Block Group 1; Census Tract 51.30; San Joaquin County; California,590,57,35,92,254,145,99,37,36,26
1500000US060770051302,15000US060770051302,Block Group 2; Census Tract 51.30; San Joaquin County; California,1333,96,101,197,704,282,150,56,57,37
1500000US060770051311,15000US060770051311,Block Group 1; Census Tract 51.31; San Joaquin County; California,3347,325,742,1067,1457,634,189,27,124,38
1500000US060770051312,15000US060770051312,Block Group 2; Census Tract 51.31; San Joaquin County; California,1262,109,25,134,534,322,272,48,136,88
1500000US060770051313,15000US060770051313,Block Group 3; Census Tract 51.31; San Joaquin County; California,1227,107,65,172,420,194,441,234,62,145
1500000US060770051321,15000US060770051321,Block Group 1; Census Tract 51.32; San Joaquin County; California,465,41,83,124,171,89,81,38,43,0
1500000US060770051322,15000US060770051322,Block Group 2; Census Tract 51.32; San Joaquin County; California,408,0,58,58,234,38,78,35,24,19
1500000US060770051323,15000US060770051323,Block Group 3; Census Tract 51.32; San Joaquin County; California,884,22,90,112,272,435,65,7,58,0
1500000US060770051331,15000US060770051331,Block Group 1; Census Tract 51.33; San Joaquin County; California,679,5,15,20,163,106,390,177,211,2
1500000US060770051332,15000US060770051332,Block Group 2; Census Tract 51.33; San Joaquin County; California,1146,149,109,258,441,188,259,107,148,4
1500000US060770051333,15000US060770051333,Block Group 3; Census Tract 51.33; San Joaquin County; California,309,38,67,105,133,39,32,12,7,13
1500000US060770051334,15000US060770051334,Block Group 4; Census Tract 51.33; San Joaquin County; California,601,0,106,106,120,232,143,44,0,99
1500000US060770051341,15000US060770051341,Block Group 1; Census Tract 51.34; San Joaquin County; California,814,85,44,129,138,243,304,155,109,40
1500000US060770051342,15000US060770051342,Block Group 2; Census Tract 51.34; San Joaquin County; California,599,11,0,11,126,176,286,141,108,37
1500000US060770051343,15000US060770051343,Block Group 3; Census Tract 51.34; San Joaquin County; California,719,0,30,30,183,345,161,24,63,74
1500000US060770051344,15000US060770051344,Block Group 4; Census Tract 51.34; San Joaquin County; California,1106,56,15,71,399,194,442,262,156,24
1500000US060770051351,15000US060770051351,Block Group 1; Census Tract 51.35; San Joaquin County; California,1038,9,0,9,221,619,189,21,77,91
1500000US060770051352,15000US060770051352,Block Group 2; Census Tract 51.35; San Joaquin County; California,1385,15,13,28,443,525,389,85,235,69
1500000US060770051353,15000US060770051353,Block Group 3; Census Tract 51.35; San Joaquin County; California,1926,8,154,162,796,499,469,175,207,87
1500000US060770051354,15000US060770051354,Block Group 4; Census Tract 51.35; San Joaquin County; California,2104,33,72,105,601,541,857,304,290,263
1500000US060770051361,15000US060770051361,Block Group 1; Census Tract 51.36; San Joaquin County; California,1377,65,143,208,477,338,354,194,135,25
1500000US060770051362,15000US060770051362,Block Group 2; Census Tract 51.36; San Joaquin County; California,910,0,208,208,194,332,176,70,64,42
1500000US060770051371,15000US060770051371,Block Group 1; Census Tract 51.37; San Joaquin County; California,1934,164,165,329,662,286,657,337,308,12
1500000US060770051372,15000US060770051372,Block Group 2; Census Tract 51.37; San Joaquin County; California,1540,0,26,26,178,424,912,346,353,213
1500000US060770051373,15000US060770051373,Block Group 3; Census Tract 51.37; San Joaquin County; California,1515,65,42,107,170,656,582,21,438,123
1500000US060770051374,15000US060770051374,Block Group 4; Census Tract 51.37; San Joaquin County; California,512,0,0,0,195,191,126,0,47,79
1500000US060770051381,15000US060770051381,Block Group 1; Census Tract 51.38; San Joaquin County; California,1316,47,115,162,399,536,219,79,140,0
1500000US060770051382,15000US060770051382,Block Group 2; Census Tract 51.38; San Joaquin County; California,697,0,64,64,279,300,54,20,22,12
1500000US060770051391,15000US060770051391,Block Group 1; Census Tract 51.39; San Joaquin County; California,643,60,25,85,209,184,165,31,124,10
1500000US060770051392,15000US060770051392,Block Group 2; Census Tract 51.39; San Joaquin County; California,1752,22,38,60,440,463,789,373,210,206
1500000US060770051401,15000US060770051401,Block Group 1; Census Tract 51.40; San Joaquin County; California,1524,80,143,223,589,359,353,137,98,118
1500000US060770051402,15000US060770051402,Block Group 2; Census Tract 51.40; San Joaquin County; California,507,36,64,100,183,170,54,5,26,23
1500000US060770051403,15000US060770051403,Block Group 3; Census Tract 51.40; San Joaquin County; California,1060,140,243,383,306,141,230,79,79,72
1500000US060770051411,15000US060770051411,Block Group 1; Census Tract 51.41; San Joaquin County; California,1040,0,26,26,213,547,254,8,246,0
1500000US060770051412,15000US060770051412,Block Group 2; Census Tract 51.41; San Joaquin County; California,1277,63,82,145,450,417,265,34,148,83
1500000US060770052081,15000US060770052081,Block Group 1; Census Tract 52.08; San Joaquin County; California,1170,32,42,74,410,297,389,252,98,39
1500000US060770052082,15000US060770052082,Block Group 2; Census Tract 52.08; San Joaquin County; California,670,43,17,60,267,110,233,68,154,11
1500000US060770052083,15000US060770052083,Block Group 3; Census Tract 52.08; San Joaquin County; California,1431,0,68,68,606,296,461,104,194,163
1500000US060770052084,15000US060770052084,Block Group 4; Census Tract 52.08; San Joaquin County; California,1028,63,60,123,404,85,416,112,304,0
1500000US060770052111,15000US060770052111,Block Group 1; Census Tract 52.11; San Joaquin County; California,338,0,8,8,111,121,98,52,46,0
1500000US060770052112,15000US060770052112,Block Group 2; Census Tract 52.11; San Joaquin County; California,960,42,30,72,157,223,508,126,301,81
1500000US060770052113,15000US060770052113,Block Group 3; Census Tract 52.11; San Joaquin County; California,1765,59,166,225,439,528,573,189,331,53
1500000US060770052121,15000US060770052121,Block Group 1; Census Tract 52.12; San Joaquin County; California,1698,99,90,189,553,478,478,136,256,86
1500000US060770052122,15000US060770052122,Block Group 2; Census Tract 52.12; San Joaquin County; California,1715,0,10,10,107,519,1079,95,575,409
1500000US060770052123,15000US060770052123,Block Group 3; Census Tract 52.12; San Joaquin County; California,1589,165,58,223,636,293,437,126,260,51
1500000US060770052131,15000US060770052131,Block Group 1; Census Tract 52.13; San Joaquin County; California,463,3,6,9,149,61,244,109,126,9
1500000US060770052132,15000US060770052132,Block Group 2; Census Tract 52.13; San Joaquin County; California,1786,3,97,100,194,540,952,172,556,224
1500000US060770052141,15000US060770052141,Block Group 1; Census Tract 52.14; San Joaquin County; California,5185,279,368,647,1547,1128,1863,559,918,386
1500000US060770052142,15000US060770052142,Block Group 2; Census Tract 52.14; San Joaquin County; California,970,14,13,27,87,331,525,176,308,41
1500000US060770052151,15000US060770052151,Block Group 1; Census Tract 52.15; San Joaquin County; California,1220,0,7,7,241,373,599,66,508,25
1500000US060770052152,15000US060770052152,Block Group 2; Census Tract 52.15; San Joaquin County; California,794,41,50,91,135,224,344,105,208,31
1500000US060770052153,15000US060770052153,Block Group 3; Census Tract 52.15; San Joaquin County; California,916,7,56,63,221,198,434,73,285,76
1500000US060770052161,15000US060770052161,Block Group 1; Census Tract 52.16; San Joaquin County; California,1167,0,144,144,164,166,693,295,341,57
1500000US060770052162,15000US060770052162,Block Group 2; Census Tract 52.16; San Joaquin County; California,1021,0,35,35,172,229,585,231,264,90
1500000US060770052163,15000US060770052163,Block Group 3; Census Tract 52.16; San Joaquin County; California,1364,83,88,171,350,381,462,125,286,51
1500000US060770052171,15000US060770052171,Block Group 1; Census Tract 52.17; San Joaquin County; California,1093,13,8,21,284,307,481,204,221,56
1500000US060770052172,15000US060770052172,Block Group 2; Census Tract 52.17; San Joaquin County; California,1167,101,127,228,134,239,566,223,204,139
1500000US060770052181,15000US060770052181,Block Group 1; Census Tract 52.18; San Joaquin County; California,1806,113,83,196,423,575,612,117,379,116
1500000US060770052182,15000US060770052182,Block Group 2; Census Tract 52.18; San Joaquin County; California,683,0,17,17,122,205,339,80,209,50
1500000US060770052191,15000US060770052191,Block Group 1; Census Tract 52.19; San Joaquin County; California,1913,75,174,249,387,458,819,332,397,90
1500000US060770052192,15000US060770052192,Block Group 2; Census Tract 52.19; San Joaquin County; California,1548,131,39,170,473,339,566,194,259,113
1500000US060770052201,15000US060770052201,Block Group 1; Census Tract 52.20; San Joaquin County; California,1460,24,124,148,312,527,473,126,269,78
1500000US060770052211,15000US060770052211,Block Group 1; Census Tract 52.21; San Joaquin County; California,4502,0,95,95,847,1492,2068,325,984,759
1500000US060770052212,15000US060770052212,Block Group 2; Census Tract 52.21; San Joaquin County; California,1600,46,81,127,175,411,887,312,467,108
1500000US060770052221,15000US060770052221,Block Group 1; Census Tract 52.22; San Joaquin County; California,1705,28,225,253,806,48,598,168,308,122
1500000US060770052222,15000US060770052222,Block Group 2; Census Tract 52.22; San Joaquin County; California,1255,35,18,53,203,366,633,129,321,183
1500000US060770052231,15000US060770052231,Block Group 1; Census Tract 52.23; San Joaquin County; California,2070,152,0,152,301,518,1099,129,765,205
1500000US060770052232,15000US060770052232,Block Group 2; Census Tract 52.23; San Joaquin County; California,1101,13,70,83,160,170,688,46,480,162
1500000US060770052233,15000US060770052233,Block Group 3; Census Tract 52.23; San Joaquin County; California,856,83,0,83,250,163,360,175,127,58
1500000US060770052241,15000US060770052241,Block Group 1; Census Tract 52.24; San Joaquin County; California,814,31,86,117,213,182,302,48,183,71
1500000US060770052242,15000US060770052242,Block Group 2; Census Tract 52.24; San Joaquin County; California,2852,268,50,318,674,574,1286,228,792,266
1500000US060770052251,15000US060770052251,Block Group 1; Census Tract 52.25; San Joaquin County; California,406,0,113,113,111,100,82,0,58,24
1500000US060770052252,15000US060770052252,Block Group 2; Census Tract 52.25; San Joaquin County; California,1781,263,159,422,495,552,312,115,100,97
1500000US060770053031,15000US060770053031,Block Group 1; Census Tract 53.03; San Joaquin County; California,878,38,85,123,452,252,51,22,9,20
1500000US060770053032,15000US060770053032,Block Group 2; Census Tract 53.03; San Joaquin County; California,579,28,14,42,280,185,72,50,11,11
1500000US060770053033,15000US060770053033,Block Group 3; Census Tract 53.03; San Joaquin County; California,398,0,58,58,119,112,109,53,26,30
1500000US060770053034,15000US060770053034,Block Group 4; Census Tract 53.03; San Joaquin County; California,936,27,125,152,336,287,161,10,145,6
1500000US060770053035,15000US060770053035,Block Group 5; Census Tract 53.03; San Joaquin County; California,501,34,76,110,163,166,62,5,54,3
1500000US060770053071,15000US060770053071,Block Group 1; Census Tract 53.07; San Joaquin County; California,796,63,83,146,316,192,142,58,57,27
1500000US060770053072,15000US060770053072,Block Group 2; Census Tract 53.07; San Joaquin County; California,1117,27,207,234,337,253,293,111,134,48
1500000US060770053081,15000US060770053081,Block Group 1; Census Tract 53.08; San Joaquin County; California,390,22,83,105,106,42,137,22,97,18
1500000US060770053082,15000US060770053082,Block Group 2; Census Tract 53.08; San Joaquin County; California,474,55,45,100,182,119,73,42,31,0
1500000US060770053083,15000US060770053083,Block Group 3; Census Tract 53.08; San Joaquin County; California,479,83,23,106,223,113,37,25,12,0
1500000US060770053084,15000US060770053084,Block Group 4; Census Tract 53.08; San Joaquin County; California,1302,64,138,202,353,432,315,142,144,29
1500000US060770053091,15000US060770053091,Block Group 1; Census Tract 53.09; San Joaquin County; California,1307,240,88,328,542,327,110,57,30,23
1500000US060770053092,15000US060770053092,Block Group 2; Census Tract 53.09; San Joaquin County; California,634,33,94,127,247,67,193,79,91,23
1500000US060770053101,15000US060770053101,Block Group 1; Census Tract 53.10; San Joaquin County; California,781,57,119,176,273,139,193,140,53,0
1500000US060770053102,15000US060770053102,Block Group 2; Census Tract 53.10; San Joaquin County; California,784,14,8,22,445,237,80,52,11,17
1500000US060770053103,15000US060770053103,Block Group 3; Census Tract 53.10; San Joaquin County; California,727,6,91,97,123,198,309,93,186,30
1500000US060770053111,15000US060770053111,Block Group 1; Census Tract 53.11; San Joaquin County; California,431,44,34,78,174,93,86,24,54,8
1500000US060770053112,15000US060770053112,Block Group 2; Census Tract 53.11; San Joaquin County; California,779,69,83,152,335,146,146,92,41,13
1500000US060770053121,15000US060770053121,Block Group 1; Census Tract 53.12; San Joaquin County; California,641,30,59,89,245,170,137,35,93,9
1500000US060770053122,15000US060770053122,Block Group 2; Census Tract 53.12; San Joaquin County; California,1009,46,68,114,455,205,235,78,111,46
1500000US060770053123,15000US060770053123,Block Group 3; Census Tract 53.12; San Joaquin County; California,709,33,113,146,227,85,251,57,163,31
1500000US060770054031,15000US060770054031,Block Group 1; Census Tract 54.03; San Joaquin County; California,479,29,49,78,189,129,83,11,58,14
1500000US060770054032,15000US060770054032,Block Group 2; Census Tract 54.03; San Joaquin County; California,974,58,35,93,108,321,452,112,257,83
1500000US060770054033,15000US060770054033,Block Group 3; Census Tract 54.03; San Joaquin County; California,1368,58,37,95,562,390,321,134,178,9
1500000US060770054034,15000US060770054034,Block Group 4; Census Tract 54.03; San Joaquin County; California,1709,18,128,146,401,425,737,340,266,131
1500000US060770054051,15000US060770054051,Block Group 1; Census Tract 54.05; San Joaquin County; California,476,34,100,134,129,108,105,48,37,20
1500000US060770054052,15000US060770054052,Block Group 2; Census Tract 54.05; San Joaquin County; California,1176,118,84,202,387,374,213,106,82,25
1500000US060770054053,15000US060770054053,Block Group 3; Census Tract 54.05; San Joaquin County; California,560,40,48,88,210,96,166,0,79,87
1500000US060770054061,15000US060770054061,Block Group 1; Census Tract 54.06; San Joaquin County; California,1340,59,169,228,299,367,446,167,151,128
1500000US060770054062,15000US060770054062,Block Group 2; Census Tract 54.06; San Joaquin County; California,597,91,85,176,220,139,62,26,12,24
1500000US060770055021,15000US060770055021,Block Group 1; Census Tract 55.02; San Joaquin County; California,1339,56,28,84,170,276,809,107,494,208
1500000US060770055022,15000US060770055022,Block Group 2; Census Tract 55.02; San Joaquin County; California,616,53,30,83,280,149,104,41,49,14
1500000US060770055031,15000US060770055031,Block Group 1; Census Tract 55.03; San Joaquin County; California,719,44,69,113,288,90,228,53,137,38
1500000US060770055032,15000US060770055032,Block Group 2; Census Tract 55.03; San Joaquin County; California,655,19,89,108,275,169,103,42,32,29
1500000US060770055033,15000US060770055033,Block Group 3; Census Tract 55.03; San Joaquin County; California,25,9,0,9,5,0,11,11,0,0
1500000US060779800001,15000US060779800001,Block Group 1; Census Tract 9800; San Joaquin County; California,1191,77,317,394,694,103,0,0,0,0
