Column Name,Label
GEO_ID,Geography
NAME,Geographic Area Name
S2301_C01_028E,Estimate!!Total!!Population 20 to 64 years!!POVERTY STATUS IN THE PAST 12 MONTHS!!Below poverty level
S2301_C01_028M,Margin of Error!!Total!!Population 20 to 64 years!!POVERTY STATUS IN THE PAST 12 MONTHS!!Below poverty level
S2301_C01_029E,Estimate!!Total!!Population 20 to 64 years!!POVERTY STATUS IN THE PAST 12 MONTHS!!At or above the poverty level
S2301_C01_029M,Margin of Error!!Total!!Population 20 to 64 years!!POVERTY STATUS IN THE PAST 12 MONTHS!!At or above the poverty level
S2301_C01_030E,Estimate!!Total!!Population 20 to 64 years!!DISABILITY STATUS!!With any disability
S2301_C01_030M,Margin of Error!!Total!!Population 20 to 64 years!!DISABILITY STATUS!!With any disability
,
S2301_C01_031E,Estimate!!Total!!EDUCATIONAL ATTAINMENT!!Population 25 to 64 years
S2301_C01_031M,Margin of Error!!Total!!EDUCATIONAL ATTAINMENT!!Population 25 to 64 years
S2301_C01_032E,Estimate!!Total!!EDUCATIONAL ATTAINMENT!!Population 25 to 64 years!!Less than high school graduate
S2301_C01_032M,Margin of Error!!Total!!EDUCATIONAL ATTAINMENT!!Population 25 to 64 years!!Less than high school graduate
S2301_C01_033E,Estimate!!Total!!EDUCATIONAL ATTAINMENT!!Population 25 to 64 years!!High school graduate (includes equivalency)
S2301_C01_033M,Margin of Error!!Total!!EDUCATIONAL ATTAINMENT!!Population 25 to 64 years!!High school graduate (includes equivalency)
S2301_C01_034E,Estimate!!Total!!EDUCATIONAL ATTAINMENT!!Population 25 to 64 years!!Some college or associate's degree
S2301_C01_034M,Margin of Error!!Total!!EDUCATIONAL ATTAINMENT!!Population 25 to 64 years!!Some college or associate's degree
S2301_C01_035E,Estimate!!Total!!EDUCATIONAL ATTAINMENT!!Population 25 to 64 years!!Bachelor's degree or higher
S2301_C01_035M,Margin of Error!!Total!!EDUCATIONAL ATTAINMENT!!Population 25 to 64 years!!Bachelor's degree or higher
,
S2301_C02_001E,Estimate!!Labor Force Participation Rate!!Population 16 years and over
S2301_C02_001M,Margin of Error!!Labor Force Participation Rate!!Population 16 years and over
S2301_C02_002E,Estimate!!Labor Force Participation Rate!!Population 16 years and over!!AGE!!16 to 19 years
S2301_C02_002M,Margin of Error!!Labor Force Participation Rate!!Population 16 years and over!!AGE!!16 to 19 years
S2301_C02_003E,Estimate!!Labor Force Participation Rate!!Population 16 years and over!!AGE!!20 to 24 years
S2301_C02_003M,Margin of Error!!Labor Force Participation Rate!!Population 16 years and over!!AGE!!20 to 24 years
S2301_C02_004E,Estimate!!Labor Force Participation Rate!!Population 16 years and over!!AGE!!25 to 29 years
S2301_C02_004M,Margin of Error!!Labor Force Participation Rate!!Population 16 years and over!!AGE!!25 to 29 years
S2301_C02_005E,Estimate!!Labor Force Participation Rate!!Population 16 years and over!!AGE!!30 to 34 years
S2301_C02_005M,Margin of Error!!Labor Force Participation Rate!!Population 16 years and over!!AGE!!30 to 34 years
S2301_C02_006E,Estimate!!Labor Force Participation Rate!!Population 16 years and over!!AGE!!35 to 44 years
S2301_C02_006M,Margin of Error!!Labor Force Participation Rate!!Population 16 years and over!!AGE!!35 to 44 years
S2301_C02_007E,Estimate!!Labor Force Participation Rate!!Population 16 years and over!!AGE!!45 to 54 years
S2301_C02_007M,Margin of Error!!Labor Force Participation Rate!!Population 16 years and over!!AGE!!45 to 54 years
S2301_C02_008E,Estimate!!Labor Force Participation Rate!!Population 16 years and over!!AGE!!55 to 59 years
S2301_C02_008M,Margin of Error!!Labor Force Participation Rate!!Population 16 years and over!!AGE!!55 to 59 years
S2301_C02_009E,Estimate!!Labor Force Participation Rate!!Population 16 years and over!!AGE!!60 to 64 years
S2301_C02_009M,Margin of Error!!Labor Force Participation Rate!!Population 16 years and over!!AGE!!60 to 64 years
S2301_C02_010E,Estimate!!Labor Force Participation Rate!!Population 16 years and over!!AGE!!65 to 74 years
S2301_C02_010M,Margin of Error!!Labor Force Participation Rate!!Population 16 years and over!!AGE!!65 to 74 years
S2301_C02_011E,Estimate!!Labor Force Participation Rate!!Population 16 years and over!!AGE!!75 years and over
S2301_C02_011M,Margin of Error!!Labor Force Participation Rate!!Population 16 years and over!!AGE!!75 years and over
,
S2301_C02_021E,Estimate!!Labor Force Participation Rate!!Population 20 to 64 years
S2301_C02_021M,Margin of Error!!Labor Force Participation Rate!!Population 20 to 64 years
S2301_C02_028E,Estimate!!Labor Force Participation Rate!!Population 20 to 64 years!!POVERTY STATUS IN THE PAST 12 MONTHS!!Below poverty level
S2301_C02_028M,Margin of Error!!Labor Force Participation Rate!!Population 20 to 64 years!!POVERTY STATUS IN THE PAST 12 MONTHS!!Below poverty level
S2301_C02_029E,Estimate!!Labor Force Participation Rate!!Population 20 to 64 years!!POVERTY STATUS IN THE PAST 12 MONTHS!!At or above the poverty level
S2301_C02_029M,Margin of Error!!Labor Force Participation Rate!!Population 20 to 64 years!!POVERTY STATUS IN THE PAST 12 MONTHS!!At or above the poverty level
S2301_C02_030E,Estimate!!Labor Force Participation Rate!!Population 20 to 64 years!!DISABILITY STATUS!!With any disability
S2301_C02_030M,Margin of Error!!Labor Force Participation Rate!!Population 20 to 64 years!!DISABILITY STATUS!!With any disability
,
S2301_C02_031E,Estimate!!Labor Force Participation Rate!!EDUCATIONAL ATTAINMENT!!Population 25 to 64 years
S2301_C02_031M,Margin of Error!!Labor Force Participation Rate!!EDUCATIONAL ATTAINMENT!!Population 25 to 64 years
S2301_C02_032E,Estimate!!Labor Force Participation Rate!!EDUCATIONAL ATTAINMENT!!Population 25 to 64 years!!Less than high school graduate
S2301_C02_032M,Margin of Error!!Labor Force Participation Rate!!EDUCATIONAL ATTAINMENT!!Population 25 to 64 years!!Less than high school graduate
S2301_C02_033E,Estimate!!Labor Force Participation Rate!!EDUCATIONAL ATTAINMENT!!Population 25 to 64 years!!High school graduate (includes equivalency)
S2301_C02_033M,Margin of Error!!Labor Force Participation Rate!!EDUCATIONAL ATTAINMENT!!Population 25 to 64 years!!High school graduate (includes equivalency)
S2301_C02_034E,Estimate!!Labor Force Participation Rate!!EDUCATIONAL ATTAINMENT!!Population 25 to 64 years!!Some college or associate's degree
S2301_C02_034M,Margin of Error!!Labor Force Participation Rate!!EDUCATIONAL ATTAINMENT!!Population 25 to 64 years!!Some college or associate's degree
S2301_C02_035E,Estimate!!Labor Force Participation Rate!!EDUCATIONAL ATTAINMENT!!Population 25 to 64 years!!Bachelor's degree or higher
S2301_C02_035M,Margin of Error!!Labor Force Participation Rate!!EDUCATIONAL ATTAINMENT!!Population 25 to 64 years!!Bachelor's degree or higher
,
S2301_C03_001E,Estimate!!Employment/Population Ratio!!Population 16 years and over
S2301_C03_001M,Margin of Error!!Employment/Population Ratio!!Population 16 years and over
S2301_C03_002E,Estimate!!Employment/Population Ratio!!Population 16 years and over!!AGE!!16 to 19 years
S2301_C03_002M,Margin of Error!!Employment/Population Ratio!!Population 16 years and over!!AGE!!16 to 19 years
S2301_C03_003E,Estimate!!Employment/Population Ratio!!Population 16 years and over!!AGE!!20 to 24 years
S2301_C03_003M,Margin of Error!!Employment/Population Ratio!!Population 16 years and over!!AGE!!20 to 24 years
S2301_C03_004E,Estimate!!Employment/Population Ratio!!Population 16 years and over!!AGE!!25 to 29 years
S2301_C03_004M,Margin of Error!!Employment/Population Ratio!!Population 16 years and over!!AGE!!25 to 29 years
S2301_C03_005E,Estimate!!Employment/Population Ratio!!Population 16 years and over!!AGE!!30 to 34 years
S2301_C03_005M,Margin of Error!!Employment/Population Ratio!!Population 16 years and over!!AGE!!30 to 34 years
S2301_C03_006E,Estimate!!Employment/Population Ratio!!Population 16 years and over!!AGE!!35 to 44 years
S2301_C03_006M,Margin of Error!!Employment/Population Ratio!!Population 16 years and over!!AGE!!35 to 44 years
S2301_C03_007E,Estimate!!Employment/Population Ratio!!Population 16 years and over!!AGE!!45 to 54 years
S2301_C03_007M,Margin of Error!!Employment/Population Ratio!!Population 16 years and over!!AGE!!45 to 54 years
S2301_C03_008E,Estimate!!Employment/Population Ratio!!Population 16 years and over!!AGE!!55 to 59 years
S2301_C03_008M,Margin of Error!!Employment/Population Ratio!!Population 16 years and over!!AGE!!55 to 59 years
S2301_C03_009E,Estimate!!Employment/Population Ratio!!Population 16 years and over!!AGE!!60 to 64 years
S2301_C03_009M,Margin of Error!!Employment/Population Ratio!!Population 16 years and over!!AGE!!60 to 64 years
S2301_C03_010E,Estimate!!Employment/Population Ratio!!Population 16 years and over!!AGE!!65 to 74 years
S2301_C03_010M,Margin of Error!!Employment/Population Ratio!!Population 16 years and over!!AGE!!65 to 74 years
S2301_C03_011E,Estimate!!Employment/Population Ratio!!Population 16 years and over!!AGE!!75 years and over
S2301_C03_011M,Margin of Error!!Employment/Population Ratio!!Population 16 years and over!!AGE!!75 years and over
,
S2301_C03_021E,Estimate!!Employment/Population Ratio!!Population 20 to 64 years
S2301_C03_021M,Margin of Error!!Employment/Population Ratio!!Population 20 to 64 years
S2301_C03_028E,Estimate!!Employment/Population Ratio!!Population 20 to 64 years!!POVERTY STATUS IN THE PAST 12 MONTHS!!Below poverty level
S2301_C03_028M,Margin of Error!!Employment/Population Ratio!!Population 20 to 64 years!!POVERTY STATUS IN THE PAST 12 MONTHS!!Below poverty level
S2301_C03_029E,Estimate!!Employment/Population Ratio!!Population 20 to 64 years!!POVERTY STATUS IN THE PAST 12 MONTHS!!At or above the poverty level
S2301_C03_029M,Margin of Error!!Employment/Population Ratio!!Population 20 to 64 years!!POVERTY STATUS IN THE PAST 12 MONTHS!!At or above the poverty level
S2301_C03_030E,Estimate!!Employment/Population Ratio!!Population 20 to 64 years!!DISABILITY STATUS!!With any disability
S2301_C03_030M,Margin of Error!!Employment/Population Ratio!!Population 20 to 64 years!!DISABILITY STATUS!!With any disability
,
S2301_C03_031E,Estimate!!Employment/Population Ratio!!EDUCATIONAL ATTAINMENT!!Population 25 to 64 years
S2301_C03_031M,Margin of Error!!Employment/Population Ratio!!EDUCATIONAL ATTAINMENT!!Population 25 to 64 years
S2301_C03_032E,Estimate!!Employment/Population Ratio!!EDUCATIONAL ATTAINMENT!!Population 25 to 64 years!!Less than high school graduate
S2301_C03_032M,Margin of Error!!Employment/Population Ratio!!EDUCATIONAL ATTAINMENT!!Population 25 to 64 years!!Less than high school graduate
S2301_C03_033E,Estimate!!Employment/Population Ratio!!EDUCATIONAL ATTAINMENT!!Population 25 to 64 years!!High school graduate (includes equivalency)
S2301_C03_033M,Margin of Error!!Employment/Population Ratio!!EDUCATIONAL ATTAINMENT!!Population 25 to 64 years!!High school graduate (includes equivalency)
S2301_C03_034E,Estimate!!Employment/Population Ratio!!EDUCATIONAL ATTAINMENT!!Population 25 to 64 years!!Some college or associate's degree
S2301_C03_034M,Margin of Error!!Employment/Population Ratio!!EDUCATIONAL ATTAINMENT!!Population 25 to 64 years!!Some college or associate's degree
S2301_C03_035E,Estimate!!Employment/Population Ratio!!EDUCATIONAL ATTAINMENT!!Population 25 to 64 years!!Bachelor's degree or higher
S2301_C03_035M,Margin of Error!!Employment/Population Ratio!!EDUCATIONAL ATTAINMENT!!Population 25 to 64 years!!Bachelor's degree or higher
,
S2301_C04_001E,Estimate!!Unemployment rate!!Population 16 years and over
S2301_C04_001M,Margin of Error!!Unemployment rate!!Population 16 years and over
S2301_C04_002E,Estimate!!Unemployment rate!!Population 16 years and over!!AGE!!16 to 19 years
S2301_C04_002M,Margin of Error!!Unemployment rate!!Population 16 years and over!!AGE!!16 to 19 years
S2301_C04_003E,Estimate!!Unemployment rate!!Population 16 years and over!!AGE!!20 to 24 years
S2301_C04_003M,Margin of Error!!Unemployment rate!!Population 16 years and over!!AGE!!20 to 24 years
S2301_C04_004E,Estimate!!Unemployment rate!!Population 16 years and over!!AGE!!25 to 29 years
S2301_C04_004M,Margin of Error!!Unemployment rate!!Population 16 years and over!!AGE!!25 to 29 years
S2301_C04_005E,Estimate!!Unemployment rate!!Population 16 years and over!!AGE!!30 to 34 years
S2301_C04_005M,Margin of Error!!Unemployment rate!!Population 16 years and over!!AGE!!30 to 34 years
S2301_C04_006E,Estimate!!Unemployment rate!!Population 16 years and over!!AGE!!35 to 44 years
S2301_C04_006M,Margin of Error!!Unemployment rate!!Population 16 years and over!!AGE!!35 to 44 years
S2301_C04_007E,Estimate!!Unemployment rate!!Population 16 years and over!!AGE!!45 to 54 years
S2301_C04_007M,Margin of Error!!Unemployment rate!!Population 16 years and over!!AGE!!45 to 54 years
S2301_C04_008E,Estimate!!Unemployment rate!!Population 16 years and over!!AGE!!55 to 59 years
S2301_C04_008M,Margin of Error!!Unemployment rate!!Population 16 years and over!!AGE!!55 to 59 years
S2301_C04_009E,Estimate!!Unemployment rate!!Population 16 years and over!!AGE!!60 to 64 years
S2301_C04_009M,Margin of Error!!Unemployment rate!!Population 16 years and over!!AGE!!60 to 64 years
S2301_C04_010E,Estimate!!Unemployment rate!!Population 16 years and over!!AGE!!65 to 74 years
S2301_C04_010M,Margin of Error!!Unemployment rate!!Population 16 years and over!!AGE!!65 to 74 years
S2301_C04_011E,Estimate!!Unemployment rate!!Population 16 years and over!!AGE!!75 years and over
S2301_C04_011M,Margin of Error!!Unemployment rate!!Population 16 years and over!!AGE!!75 years and over
,
S2301_C04_021E,Estimate!!Unemployment rate!!Population 20 to 64 years
S2301_C04_021M,Margin of Error!!Unemployment rate!!Population 20 to 64 years
S2301_C04_028E,Estimate!!Unemployment rate!!Population 20 to 64 years!!POVERTY STATUS IN THE PAST 12 MONTHS!!Below poverty level
S2301_C04_028M,Margin of Error!!Unemployment rate!!Population 20 to 64 years!!POVERTY STATUS IN THE PAST 12 MONTHS!!Below poverty level
S2301_C04_029E,Estimate!!Unemployment rate!!Population 20 to 64 years!!POVERTY STATUS IN THE PAST 12 MONTHS!!At or above the poverty level
S2301_C04_029M,Margin of Error!!Unemployment rate!!Population 20 to 64 years!!POVERTY STATUS IN THE PAST 12 MONTHS!!At or above the poverty level
S2301_C04_030E,Estimate!!Unemployment rate!!Population 20 to 64 years!!DISABILITY STATUS!!With any disability
S2301_C04_030M,Margin of Error!!Unemployment rate!!Population 20 to 64 years!!DISABILITY STATUS!!With any disability
,
S2301_C04_031E,Estimate!!Unemployment rate!!EDUCATIONAL ATTAINMENT!!Population 25 to 64 years
S2301_C04_031M,Margin of Error!!Unemployment rate!!EDUCATIONAL ATTAINMENT!!Population 25 to 64 years
S2301_C04_032E,Estimate!!Unemployment rate!!EDUCATIONAL ATTAINMENT!!Population 25 to 64 years!!Less than high school graduate
S2301_C04_032M,Margin of Error!!Unemployment rate!!EDUCATIONAL ATTAINMENT!!Population 25 to 64 years!!Less than high school graduate
S2301_C04_033E,Estimate!!Unemployment rate!!EDUCATIONAL ATTAINMENT!!Population 25 to 64 years!!High school graduate (includes equivalency)
S2301_C04_033M,Margin of Error!!Unemployment rate!!EDUCATIONAL ATTAINMENT!!Population 25 to 64 years!!High school graduate (includes equivalency)
S2301_C04_034E,Estimate!!Unemployment rate!!EDUCATIONAL ATTAINMENT!!Population 25 to 64 years!!Some college or associate's degree
S2301_C04_034M,Margin of Error!!Unemployment rate!!EDUCATIONAL ATTAINMENT!!Population 25 to 64 years!!Some college or associate's degree
S2301_C04_035E,Estimate!!Unemployment rate!!EDUCATIONAL ATTAINMENT!!Population 25 to 64 years!!Bachelor's degree or higher
S2301_C04_035M,Margin of Error!!Unemployment rate!!EDUCATIONAL ATTAINMENT!!Population 25 to 64 years!!Bachelor's degree or higher
