﻿GEO_ID,geoid,Geographic Area Name,Block,Census,Total,Family households,Family households:Married-couple family,Family households:Other family,Nonfamily households,Nonfamily households:Householder living alone,Nonfamily households:Householder not living alone
1500000US060770001011,15000US060770001011,Block Group 1; Census Tract 1.01; San Joaquin County; California,Block Group 1, Census Tract 1.01,231,185,65,120,46,39,7
1500000US060770001012,15000US060770001012,Block Group 2; Census Tract 1.01; San Joaquin County; California,Block Group 2, Census Tract 1.01,333,201,61,140,132,120,12
1500000US060770001021,15000US060770001021,Block Group 1; Census Tract 1.02; San Joaquin County; California,Block Group 1, Census Tract 1.02,432,77,18,59,355,355,0
1500000US060770001022,15000US060770001022,Block Group 2; Census Tract 1.02; San Joaquin County; California,Block Group 2, Census Tract 1.02,598,155,9,146,443,314,129
1500000US060770001023,15000US060770001023,Block Group 3; Census Tract 1.02; San Joaquin County; California,Block Group 3, Census Tract 1.02,279,73,0,73,206,206,0
1500000US060770003001,15000US060770003001,Block Group 1; Census Tract 3; San Joaquin County; California,Block Group 1, Census Tract 3,645,393,76,317,252,190,62
1500000US060770003002,15000US060770003002,Block Group 2; Census Tract 3; San Joaquin County; California,Block Group 2, Census Tract 3,421,166,40,126,255,243,12
1500000US060770004011,15000US060770004011,Block Group 1; Census Tract 4.01; San Joaquin County; California,Block Group 1, Census Tract 4.01,241,183,103,80,58,43,15
1500000US060770004012,15000US060770004012,Block Group 2; Census Tract 4.01; San Joaquin County; California,Block Group 2, Census Tract 4.01,241,103,24,79,138,78,60
1500000US060770004013,15000US060770004013,Block Group 3; Census Tract 4.01; San Joaquin County; California,Block Group 3, Census Tract 4.01,392,182,150,32,210,172,38
1500000US060770004014,15000US060770004014,Block Group 4; Census Tract 4.01; San Joaquin County; California,Block Group 4, Census Tract 4.01,295,136,110,26,159,145,14
1500000US060770004021,15000US060770004021,Block Group 1; Census Tract 4.02; San Joaquin County; California,Block Group 1, Census Tract 4.02,408,161,22,139,247,197,50
1500000US060770004022,15000US060770004022,Block Group 2; Census Tract 4.02; San Joaquin County; California,Block Group 2, Census Tract 4.02,433,172,50,122,261,174,87
1500000US060770004023,15000US060770004023,Block Group 3; Census Tract 4.02; San Joaquin County; California,Block Group 3, Census Tract 4.02,367,126,60,66,241,204,37
1500000US060770004024,15000US060770004024,Block Group 4; Census Tract 4.02; San Joaquin County; California,Block Group 4, Census Tract 4.02,736,452,206,246,284,284,0
1500000US060770005001,15000US060770005001,Block Group 1; Census Tract 5; San Joaquin County; California,Block Group 1, Census Tract 5,325,261,198,63,64,57,7
1500000US060770005002,15000US060770005002,Block Group 2; Census Tract 5; San Joaquin County; California,Block Group 2, Census Tract 5,432,288,84,204,144,113,31
1500000US060770006001,15000US060770006001,Block Group 1; Census Tract 6; San Joaquin County; California,Block Group 1, Census Tract 6,280,154,71,83,126,96,30
1500000US060770006002,15000US060770006002,Block Group 2; Census Tract 6; San Joaquin County; California,Block Group 2, Census Tract 6,378,301,171,130,77,62,15
1500000US060770007001,15000US060770007001,Block Group 1; Census Tract 7; San Joaquin County; California,Block Group 1, Census Tract 7,417,307,231,76,110,27,83
1500000US060770007002,15000US060770007002,Block Group 2; Census Tract 7; San Joaquin County; California,Block Group 2, Census Tract 7,348,240,81,159,108,108,0
1500000US060770007003,15000US060770007003,Block Group 3; Census Tract 7; San Joaquin County; California,Block Group 3, Census Tract 7,178,146,33,113,32,18,14
1500000US060770007004,15000US060770007004,Block Group 4; Census Tract 7; San Joaquin County; California,Block Group 4, Census Tract 7,248,224,109,115,24,24,0
1500000US060770008021,15000US060770008021,Block Group 1; Census Tract 8.02; San Joaquin County; California,Block Group 1, Census Tract 8.02,441,347,265,82,94,82,12
1500000US060770008031,15000US060770008031,Block Group 1; Census Tract 8.03; San Joaquin County; California,Block Group 1, Census Tract 8.03,547,470,375,95,77,66,11
1500000US060770008032,15000US060770008032,Block Group 2; Census Tract 8.03; San Joaquin County; California,Block Group 2, Census Tract 8.03,466,296,250,46,170,170,0
1500000US060770008033,15000US060770008033,Block Group 3; Census Tract 8.03; San Joaquin County; California,Block Group 3, Census Tract 8.03,395,349,219,130,46,11,35
1500000US060770009001,15000US060770009001,Block Group 1; Census Tract 9; San Joaquin County; California,Block Group 1, Census Tract 9,327,227,139,88,100,87,13
1500000US060770009002,15000US060770009002,Block Group 2; Census Tract 9; San Joaquin County; California,Block Group 2, Census Tract 9,456,235,119,116,221,173,48
1500000US060770009003,15000US060770009003,Block Group 3; Census Tract 9; San Joaquin County; California,Block Group 3, Census Tract 9,445,300,259,41,145,98,47
1500000US060770009004,15000US060770009004,Block Group 4; Census Tract 9; San Joaquin County; California,Block Group 4, Census Tract 9,359,224,102,122,135,96,39
1500000US060770009005,15000US060770009005,Block Group 5; Census Tract 9; San Joaquin County; California,Block Group 5, Census Tract 9,328,260,238,22,68,68,0
1500000US060770010001,15000US060770010001,Block Group 1; Census Tract 10; San Joaquin County; California,Block Group 1, Census Tract 10,441,407,316,91,34,34,0
1500000US060770010002,15000US060770010002,Block Group 2; Census Tract 10; San Joaquin County; California,Block Group 2, Census Tract 10,572,225,96,129,347,223,124
1500000US060770010003,15000US060770010003,Block Group 3; Census Tract 10; San Joaquin County; California,Block Group 3, Census Tract 10,588,419,330,89,169,169,0
1500000US060770010004,15000US060770010004,Block Group 4; Census Tract 10; San Joaquin County; California,Block Group 4, Census Tract 10,375,298,296,2,77,77,0
1500000US060770011011,15000US060770011011,Block Group 1; Census Tract 11.01; San Joaquin County; California,Block Group 1, Census Tract 11.01,674,375,211,164,299,187,112
1500000US060770011012,15000US060770011012,Block Group 2; Census Tract 11.01; San Joaquin County; California,Block Group 2, Census Tract 11.01,572,438,332,106,134,107,27
1500000US060770011013,15000US060770011013,Block Group 3; Census Tract 11.01; San Joaquin County; California,Block Group 3, Census Tract 11.01,440,362,254,108,78,41,37
1500000US060770011021,15000US060770011021,Block Group 1; Census Tract 11.02; San Joaquin County; California,Block Group 1, Census Tract 11.02,620,453,351,102,167,155,12
1500000US060770011022,15000US060770011022,Block Group 2; Census Tract 11.02; San Joaquin County; California,Block Group 2, Census Tract 11.02,178,96,92,4,82,82,0
1500000US060770011023,15000US060770011023,Block Group 3; Census Tract 11.02; San Joaquin County; California,Block Group 3, Census Tract 11.02,471,270,157,113,201,165,36
1500000US060770011024,15000US060770011024,Block Group 4; Census Tract 11.02; San Joaquin County; California,Block Group 4, Census Tract 11.02,263,111,75,36,152,152,0
1500000US060770011025,15000US060770011025,Block Group 5; Census Tract 11.02; San Joaquin County; California,Block Group 5, Census Tract 11.02,437,198,72,126,239,231,8
1500000US060770012001,15000US060770012001,Block Group 1; Census Tract 12; San Joaquin County; California,Block Group 1, Census Tract 12,505,261,165,96,244,157,87
1500000US060770012002,15000US060770012002,Block Group 2; Census Tract 12; San Joaquin County; California,Block Group 2, Census Tract 12,368,230,176,54,138,130,8
1500000US060770012003,15000US060770012003,Block Group 3; Census Tract 12; San Joaquin County; California,Block Group 3, Census Tract 12,627,393,323,70,234,198,36
1500000US060770012004,15000US060770012004,Block Group 4; Census Tract 12; San Joaquin County; California,Block Group 4, Census Tract 12,439,251,224,27,188,141,47
1500000US060770013001,15000US060770013001,Block Group 1; Census Tract 13; San Joaquin County; California,Block Group 1, Census Tract 13,599,489,294,195,110,49,61
1500000US060770013002,15000US060770013002,Block Group 2; Census Tract 13; San Joaquin County; California,Block Group 2, Census Tract 13,610,483,290,193,127,98,29
1500000US060770013003,15000US060770013003,Block Group 3; Census Tract 13; San Joaquin County; California,Block Group 3, Census Tract 13,329,218,190,28,111,111,0
1500000US060770013004,15000US060770013004,Block Group 4; Census Tract 13; San Joaquin County; California,Block Group 4, Census Tract 13,421,289,192,97,132,80,52
1500000US060770014001,15000US060770014001,Block Group 1; Census Tract 14; San Joaquin County; California,Block Group 1, Census Tract 14,286,230,207,23,56,48,8
1500000US060770014002,15000US060770014002,Block Group 2; Census Tract 14; San Joaquin County; California,Block Group 2, Census Tract 14,546,174,36,138,372,306,66
1500000US060770014003,15000US060770014003,Block Group 3; Census Tract 14; San Joaquin County; California,Block Group 3, Census Tract 14,386,117,110,7,269,227,42
1500000US060770014004,15000US060770014004,Block Group 4; Census Tract 14; San Joaquin County; California,Block Group 4, Census Tract 14,591,395,238,157,196,110,86
1500000US060770015011,15000US060770015011,Block Group 1; Census Tract 15.01; San Joaquin County; California,Block Group 1, Census Tract 15.01,303,239,85,154,64,64,0
1500000US060770015012,15000US060770015012,Block Group 2; Census Tract 15.01; San Joaquin County; California,Block Group 2, Census Tract 15.01,469,459,168,291,10,10,0
1500000US060770015013,15000US060770015013,Block Group 3; Census Tract 15.01; San Joaquin County; California,Block Group 3, Census Tract 15.01,537,498,390,108,39,25,14
1500000US060770015021,15000US060770015021,Block Group 1; Census Tract 15.02; San Joaquin County; California,Block Group 1, Census Tract 15.02,591,375,257,118,216,137,79
1500000US060770015022,15000US060770015022,Block Group 2; Census Tract 15.02; San Joaquin County; California,Block Group 2, Census Tract 15.02,214,148,90,58,66,43,23
1500000US060770015023,15000US060770015023,Block Group 3; Census Tract 15.02; San Joaquin County; California,Block Group 3, Census Tract 15.02,385,245,190,55,140,96,44
1500000US060770016001,15000US060770016001,Block Group 1; Census Tract 16; San Joaquin County; California,Block Group 1, Census Tract 16,536,376,251,125,160,143,17
1500000US060770016002,15000US060770016002,Block Group 2; Census Tract 16; San Joaquin County; California,Block Group 2, Census Tract 16,204,156,50,106,48,37,11
1500000US060770017001,15000US060770017001,Block Group 1; Census Tract 17; San Joaquin County; California,Block Group 1, Census Tract 17,311,204,120,84,107,107,0
1500000US060770017002,15000US060770017002,Block Group 2; Census Tract 17; San Joaquin County; California,Block Group 2, Census Tract 17,441,321,249,72,120,94,26
1500000US060770017003,15000US060770017003,Block Group 3; Census Tract 17; San Joaquin County; California,Block Group 3, Census Tract 17,288,184,147,37,104,104,0
1500000US060770018001,15000US060770018001,Block Group 1; Census Tract 18; San Joaquin County; California,Block Group 1, Census Tract 18,417,319,187,132,98,54,44
1500000US060770018002,15000US060770018002,Block Group 2; Census Tract 18; San Joaquin County; California,Block Group 2, Census Tract 18,639,491,279,212,148,109,39
1500000US060770019001,15000US060770019001,Block Group 1; Census Tract 19; San Joaquin County; California,Block Group 1, Census Tract 19,285,237,73,164,48,48,0
1500000US060770019002,15000US060770019002,Block Group 2; Census Tract 19; San Joaquin County; California,Block Group 2, Census Tract 19,473,319,236,83,154,51,103
1500000US060770019003,15000US060770019003,Block Group 3; Census Tract 19; San Joaquin County; California,Block Group 3, Census Tract 19,391,384,186,198,7,7,0
1500000US060770019004,15000US060770019004,Block Group 4; Census Tract 19; San Joaquin County; California,Block Group 4, Census Tract 19,249,210,124,86,39,39,0
1500000US060770020001,15000US060770020001,Block Group 1; Census Tract 20; San Joaquin County; California,Block Group 1, Census Tract 20,223,148,102,46,75,75,0
1500000US060770020002,15000US060770020002,Block Group 2; Census Tract 20; San Joaquin County; California,Block Group 2, Census Tract 20,453,392,118,274,61,15,46
1500000US060770020003,15000US060770020003,Block Group 3; Census Tract 20; San Joaquin County; California,Block Group 3, Census Tract 20,437,284,203,81,153,153,0
1500000US060770021001,15000US060770021001,Block Group 1; Census Tract 21; San Joaquin County; California,Block Group 1, Census Tract 21,450,426,148,278,24,24,0
1500000US060770021002,15000US060770021002,Block Group 2; Census Tract 21; San Joaquin County; California,Block Group 2, Census Tract 21,238,158,66,92,80,80,0
1500000US060770021003,15000US060770021003,Block Group 3; Census Tract 21; San Joaquin County; California,Block Group 3, Census Tract 21,249,216,87,129,33,24,9
1500000US060770021004,15000US060770021004,Block Group 4; Census Tract 21; San Joaquin County; California,Block Group 4, Census Tract 21,621,522,336,186,99,99,0
1500000US060770022011,15000US060770022011,Block Group 1; Census Tract 22.01; San Joaquin County; California,Block Group 1, Census Tract 22.01,251,230,112,118,21,6,15
1500000US060770022012,15000US060770022012,Block Group 2; Census Tract 22.01; San Joaquin County; California,Block Group 2, Census Tract 22.01,641,511,378,133,130,126,4
1500000US060770022021,15000US060770022021,Block Group 1; Census Tract 22.02; San Joaquin County; California,Block Group 1, Census Tract 22.02,374,337,252,85,37,37,0
1500000US060770022022,15000US060770022022,Block Group 2; Census Tract 22.02; San Joaquin County; California,Block Group 2, Census Tract 22.02,487,378,254,124,109,66,43
1500000US060770022023,15000US060770022023,Block Group 3; Census Tract 22.02; San Joaquin County; California,Block Group 3, Census Tract 22.02,525,413,189,224,112,112,0
1500000US060770023001,15000US060770023001,Block Group 1; Census Tract 23; San Joaquin County; California,Block Group 1, Census Tract 23,501,457,105,352,44,33,11
1500000US060770023002,15000US060770023002,Block Group 2; Census Tract 23; San Joaquin County; California,Block Group 2, Census Tract 23,442,283,208,75,159,110,49
1500000US060770023003,15000US060770023003,Block Group 3; Census Tract 23; San Joaquin County; California,Block Group 3, Census Tract 23,421,323,286,37,98,73,25
1500000US060770024011,15000US060770024011,Block Group 1; Census Tract 24.01; San Joaquin County; California,Block Group 1, Census Tract 24.01,447,340,247,93,107,65,42
1500000US060770024012,15000US060770024012,Block Group 2; Census Tract 24.01; San Joaquin County; California,Block Group 2, Census Tract 24.01,403,376,230,146,27,27,0
1500000US060770024013,15000US060770024013,Block Group 3; Census Tract 24.01; San Joaquin County; California,Block Group 3, Census Tract 24.01,419,367,270,97,52,36,16
1500000US060770024021,15000US060770024021,Block Group 1; Census Tract 24.02; San Joaquin County; California,Block Group 1, Census Tract 24.02,256,176,83,93,80,74,6
1500000US060770024022,15000US060770024022,Block Group 2; Census Tract 24.02; San Joaquin County; California,Block Group 2, Census Tract 24.02,333,270,116,154,63,54,9
1500000US060770025031,15000US060770025031,Block Group 1; Census Tract 25.03; San Joaquin County; California,Block Group 1, Census Tract 25.03,242,213,104,109,29,29,0
1500000US060770025032,15000US060770025032,Block Group 2; Census Tract 25.03; San Joaquin County; California,Block Group 2, Census Tract 25.03,325,254,101,153,71,66,5
1500000US060770025041,15000US060770025041,Block Group 1; Census Tract 25.04; San Joaquin County; California,Block Group 1, Census Tract 25.04,541,499,254,245,42,42,0
1500000US060770025042,15000US060770025042,Block Group 2; Census Tract 25.04; San Joaquin County; California,Block Group 2, Census Tract 25.04,599,517,387,130,82,22,60
1500000US060770027011,15000US060770027011,Block Group 1; Census Tract 27.01; San Joaquin County; California,Block Group 1, Census Tract 27.01,442,401,92,309,41,11,30
1500000US060770027012,15000US060770027012,Block Group 2; Census Tract 27.01; San Joaquin County; California,Block Group 2, Census Tract 27.01,284,248,143,105,36,36,0
1500000US060770027013,15000US060770027013,Block Group 3; Census Tract 27.01; San Joaquin County; California,Block Group 3, Census Tract 27.01,544,434,350,84,110,91,19
1500000US060770027014,15000US060770027014,Block Group 4; Census Tract 27.01; San Joaquin County; California,Block Group 4, Census Tract 27.01,484,367,209,158,117,61,56
1500000US060770027021,15000US060770027021,Block Group 1; Census Tract 27.02; San Joaquin County; California,Block Group 1, Census Tract 27.02,302,259,161,98,43,11,32
1500000US060770027022,15000US060770027022,Block Group 2; Census Tract 27.02; San Joaquin County; California,Block Group 2, Census Tract 27.02,348,313,207,106,35,22,13
1500000US060770027023,15000US060770027023,Block Group 3; Census Tract 27.02; San Joaquin County; California,Block Group 3, Census Tract 27.02,304,292,198,94,12,12,0
1500000US060770028001,15000US060770028001,Block Group 1; Census Tract 28; San Joaquin County; California,Block Group 1, Census Tract 28,388,305,169,136,83,83,0
1500000US060770028002,15000US060770028002,Block Group 2; Census Tract 28; San Joaquin County; California,Block Group 2, Census Tract 28,329,288,191,97,41,30,11
1500000US060770028003,15000US060770028003,Block Group 3; Census Tract 28; San Joaquin County; California,Block Group 3, Census Tract 28,459,339,229,110,120,83,37
1500000US060770028004,15000US060770028004,Block Group 4; Census Tract 28; San Joaquin County; California,Block Group 4, Census Tract 28,548,491,358,133,57,33,24
1500000US060770031061,15000US060770031061,Block Group 1; Census Tract 31.06; San Joaquin County; California,Block Group 1, Census Tract 31.06,555,386,213,173,169,122,47
1500000US060770031062,15000US060770031062,Block Group 2; Census Tract 31.06; San Joaquin County; California,Block Group 2, Census Tract 31.06,451,313,156,157,138,94,44
1500000US060770031063,15000US060770031063,Block Group 3; Census Tract 31.06; San Joaquin County; California,Block Group 3, Census Tract 31.06,822,545,402,143,277,227,50
1500000US060770031081,15000US060770031081,Block Group 1; Census Tract 31.08; San Joaquin County; California,Block Group 1, Census Tract 31.08,537,329,313,16,208,153,55
1500000US060770031082,15000US060770031082,Block Group 2; Census Tract 31.08; San Joaquin County; California,Block Group 2, Census Tract 31.08,807,486,282,204,321,280,41
1500000US060770031083,15000US060770031083,Block Group 3; Census Tract 31.08; San Joaquin County; California,Block Group 3, Census Tract 31.08,575,356,181,175,219,170,49
1500000US060770031091,15000US060770031091,Block Group 1; Census Tract 31.09; San Joaquin County; California,Block Group 1, Census Tract 31.09,331,273,60,213,58,17,41
1500000US060770031092,15000US060770031092,Block Group 2; Census Tract 31.09; San Joaquin County; California,Block Group 2, Census Tract 31.09,592,395,207,188,197,197,0
1500000US060770031093,15000US060770031093,Block Group 3; Census Tract 31.09; San Joaquin County; California,Block Group 3, Census Tract 31.09,399,87,2,85,312,288,24
1500000US060770031094,15000US060770031094,Block Group 4; Census Tract 31.09; San Joaquin County; California,Block Group 4, Census Tract 31.09,670,405,338,67,265,167,98
1500000US060770031101,15000US060770031101,Block Group 1; Census Tract 31.10; San Joaquin County; California,Block Group 1, Census Tract 31.10,435,336,253,83,99,32,67
1500000US060770031102,15000US060770031102,Block Group 2; Census Tract 31.10; San Joaquin County; California,Block Group 2, Census Tract 31.10,508,216,131,85,292,230,62
1500000US060770031103,15000US060770031103,Block Group 3; Census Tract 31.10; San Joaquin County; California,Block Group 3, Census Tract 31.10,600,473,124,349,127,71,56
1500000US060770031111,15000US060770031111,Block Group 1; Census Tract 31.11; San Joaquin County; California,Block Group 1, Census Tract 31.11,984,527,191,336,457,402,55
1500000US060770031112,15000US060770031112,Block Group 2; Census Tract 31.11; San Joaquin County; California,Block Group 2, Census Tract 31.11,1011,692,400,292,319,304,15
1500000US060770031121,15000US060770031121,Block Group 1; Census Tract 31.12; San Joaquin County; California,Block Group 1, Census Tract 31.12,807,506,313,193,301,210,91
1500000US060770031122,15000US060770031122,Block Group 2; Census Tract 31.12; San Joaquin County; California,Block Group 2, Census Tract 31.12,611,451,248,203,160,111,49
1500000US060770031151,15000US060770031151,Block Group 1; Census Tract 31.15; San Joaquin County; California,Block Group 1, Census Tract 31.15,710,317,167,150,393,252,141
1500000US060770031152,15000US060770031152,Block Group 2; Census Tract 31.15; San Joaquin County; California,Block Group 2, Census Tract 31.15,341,289,207,82,52,52,0
1500000US060770031153,15000US060770031153,Block Group 3; Census Tract 31.15; San Joaquin County; California,Block Group 3, Census Tract 31.15,518,203,180,23,315,184,131
1500000US060770031161,15000US060770031161,Block Group 1; Census Tract 31.16; San Joaquin County; California,Block Group 1, Census Tract 31.16,555,378,194,184,177,168,9
1500000US060770031162,15000US060770031162,Block Group 2; Census Tract 31.16; San Joaquin County; California,Block Group 2, Census Tract 31.16,267,79,42,37,188,118,70
1500000US060770031171,15000US060770031171,Block Group 1; Census Tract 31.17; San Joaquin County; California,Block Group 1, Census Tract 31.17,807,605,476,129,202,202,0
1500000US060770031172,15000US060770031172,Block Group 2; Census Tract 31.17; San Joaquin County; California,Block Group 2, Census Tract 31.17,449,386,367,19,63,51,12
1500000US060770031181,15000US060770031181,Block Group 1; Census Tract 31.18; San Joaquin County; California,Block Group 1, Census Tract 31.18,490,370,297,73,120,21,99
1500000US060770031182,15000US060770031182,Block Group 2; Census Tract 31.18; San Joaquin County; California,Block Group 2, Census Tract 31.18,849,534,311,223,315,201,114
1500000US060770031191,15000US060770031191,Block Group 1; Census Tract 31.19; San Joaquin County; California,Block Group 1, Census Tract 31.19,263,226,158,68,37,37,0
1500000US060770031192,15000US060770031192,Block Group 2; Census Tract 31.19; San Joaquin County; California,Block Group 2, Census Tract 31.19,373,294,252,42,79,57,22
1500000US060770031193,15000US060770031193,Block Group 3; Census Tract 31.19; San Joaquin County; California,Block Group 3, Census Tract 31.19,357,346,281,65,11,11,0
1500000US060770032031,15000US060770032031,Block Group 1; Census Tract 32.03; San Joaquin County; California,Block Group 1, Census Tract 32.03,700,455,274,181,245,176,69
1500000US060770032032,15000US060770032032,Block Group 2; Census Tract 32.03; San Joaquin County; California,Block Group 2, Census Tract 32.03,715,516,319,197,199,199,0
1500000US060770032051,15000US060770032051,Block Group 1; Census Tract 32.05; San Joaquin County; California,Block Group 1, Census Tract 32.05,321,249,212,37,72,72,0
1500000US060770032052,15000US060770032052,Block Group 2; Census Tract 32.05; San Joaquin County; California,Block Group 2, Census Tract 32.05,718,519,208,311,199,158,41
1500000US060770032053,15000US060770032053,Block Group 3; Census Tract 32.05; San Joaquin County; California,Block Group 3, Census Tract 32.05,296,200,125,75,96,68,28
1500000US060770032091,15000US060770032091,Block Group 1; Census Tract 32.09; San Joaquin County; California,Block Group 1, Census Tract 32.09,557,356,318,38,201,135,66
1500000US060770032092,15000US060770032092,Block Group 2; Census Tract 32.09; San Joaquin County; California,Block Group 2, Census Tract 32.09,331,304,160,144,27,27,0
1500000US060770032093,15000US060770032093,Block Group 3; Census Tract 32.09; San Joaquin County; California,Block Group 3, Census Tract 32.09,662,556,407,149,106,56,50
1500000US060770032101,15000US060770032101,Block Group 1; Census Tract 32.10; San Joaquin County; California,Block Group 1, Census Tract 32.10,545,409,202,207,136,136,0
1500000US060770032102,15000US060770032102,Block Group 2; Census Tract 32.10; San Joaquin County; California,Block Group 2, Census Tract 32.10,245,198,131,67,47,47,0
1500000US060770032131,15000US060770032131,Block Group 1; Census Tract 32.13; San Joaquin County; California,Block Group 1, Census Tract 32.13,224,164,152,12,60,58,2
1500000US060770032132,15000US060770032132,Block Group 2; Census Tract 32.13; San Joaquin County; California,Block Group 2, Census Tract 32.13,386,328,233,95,58,32,26
1500000US060770032133,15000US060770032133,Block Group 3; Census Tract 32.13; San Joaquin County; California,Block Group 3, Census Tract 32.13,226,191,102,89,35,23,12
1500000US060770032134,15000US060770032134,Block Group 4; Census Tract 32.13; San Joaquin County; California,Block Group 4, Census Tract 32.13,521,367,197,170,154,119,35
1500000US060770032141,15000US060770032141,Block Group 1; Census Tract 32.14; San Joaquin County; California,Block Group 1, Census Tract 32.14,290,243,176,67,47,34,13
1500000US060770032142,15000US060770032142,Block Group 2; Census Tract 32.14; San Joaquin County; California,Block Group 2, Census Tract 32.14,596,470,351,119,126,93,33
1500000US060770032151,15000US060770032151,Block Group 1; Census Tract 32.15; San Joaquin County; California,Block Group 1, Census Tract 32.15,407,291,219,72,116,78,38
1500000US060770032152,15000US060770032152,Block Group 2; Census Tract 32.15; San Joaquin County; California,Block Group 2, Census Tract 32.15,463,240,141,99,223,193,30
1500000US060770032153,15000US060770032153,Block Group 3; Census Tract 32.15; San Joaquin County; California,Block Group 3, Census Tract 32.15,340,139,96,43,201,99,102
1500000US060770032154,15000US060770032154,Block Group 4; Census Tract 32.15; San Joaquin County; California,Block Group 4, Census Tract 32.15,552,395,209,186,157,78,79
1500000US060770032161,15000US060770032161,Block Group 1; Census Tract 32.16; San Joaquin County; California,Block Group 1, Census Tract 32.16,595,525,398,127,70,64,6
1500000US060770032162,15000US060770032162,Block Group 2; Census Tract 32.16; San Joaquin County; California,Block Group 2, Census Tract 32.16,427,299,207,92,128,120,8
1500000US060770032171,15000US060770032171,Block Group 1; Census Tract 32.17; San Joaquin County; California,Block Group 1, Census Tract 32.17,548,436,143,293,112,85,27
1500000US060770032172,15000US060770032172,Block Group 2; Census Tract 32.17; San Joaquin County; California,Block Group 2, Census Tract 32.17,505,393,173,220,112,107,5
1500000US060770032181,15000US060770032181,Block Group 1; Census Tract 32.18; San Joaquin County; California,Block Group 1, Census Tract 32.18,539,498,345,153,41,8,33
1500000US060770032182,15000US060770032182,Block Group 2; Census Tract 32.18; San Joaquin County; California,Block Group 2, Census Tract 32.18,372,260,199,61,112,96,16
1500000US060770032191,15000US060770032191,Block Group 1; Census Tract 32.19; San Joaquin County; California,Block Group 1, Census Tract 32.19,442,427,315,112,15,15,0
1500000US060770032192,15000US060770032192,Block Group 2; Census Tract 32.19; San Joaquin County; California,Block Group 2, Census Tract 32.19,520,520,363,157,0,0,0
1500000US060770032193,15000US060770032193,Block Group 3; Census Tract 32.19; San Joaquin County; California,Block Group 3, Census Tract 32.19,318,318,283,35,0,0,0
1500000US060770032194,15000US060770032194,Block Group 4; Census Tract 32.19; San Joaquin County; California,Block Group 4, Census Tract 32.19,533,484,419,65,49,49,0
1500000US060770032195,15000US060770032195,Block Group 5; Census Tract 32.19; San Joaquin County; California,Block Group 5, Census Tract 32.19,1080,984,738,246,96,77,19
1500000US060770033051,15000US060770033051,Block Group 1; Census Tract 33.05; San Joaquin County; California,Block Group 1, Census Tract 33.05,470,333,201,132,137,137,0
1500000US060770033052,15000US060770033052,Block Group 2; Census Tract 33.05; San Joaquin County; California,Block Group 2, Census Tract 33.05,538,414,194,220,124,111,13
1500000US060770033053,15000US060770033053,Block Group 3; Census Tract 33.05; San Joaquin County; California,Block Group 3, Census Tract 33.05,601,403,337,66,198,171,27
1500000US060770033061,15000US060770033061,Block Group 1; Census Tract 33.06; San Joaquin County; California,Block Group 1, Census Tract 33.06,637,491,242,249,146,84,62
1500000US060770033062,15000US060770033062,Block Group 2; Census Tract 33.06; San Joaquin County; California,Block Group 2, Census Tract 33.06,439,247,130,117,192,178,14
1500000US060770033063,15000US060770033063,Block Group 3; Census Tract 33.06; San Joaquin County; California,Block Group 3, Census Tract 33.06,486,399,136,263,87,87,0
1500000US060770033071,15000US060770033071,Block Group 1; Census Tract 33.07; San Joaquin County; California,Block Group 1, Census Tract 33.07,717,568,194,374,149,130,19
1500000US060770033072,15000US060770033072,Block Group 2; Census Tract 33.07; San Joaquin County; California,Block Group 2, Census Tract 33.07,496,286,136,150,210,175,35
1500000US060770033073,15000US060770033073,Block Group 3; Census Tract 33.07; San Joaquin County; California,Block Group 3, Census Tract 33.07,484,280,168,112,204,139,65
1500000US060770033081,15000US060770033081,Block Group 1; Census Tract 33.08; San Joaquin County; California,Block Group 1, Census Tract 33.08,722,377,133,244,345,265,80
1500000US060770033101,15000US060770033101,Block Group 1; Census Tract 33.10; San Joaquin County; California,Block Group 1, Census Tract 33.10,437,351,178,173,86,70,16
1500000US060770033102,15000US060770033102,Block Group 2; Census Tract 33.10; San Joaquin County; California,Block Group 2, Census Tract 33.10,477,392,232,160,85,85,0
1500000US060770033103,15000US060770033103,Block Group 3; Census Tract 33.10; San Joaquin County; California,Block Group 3, Census Tract 33.10,578,371,144,227,207,185,22
1500000US060770033111,15000US060770033111,Block Group 1; Census Tract 33.11; San Joaquin County; California,Block Group 1, Census Tract 33.11,514,432,257,175,82,37,45
1500000US060770033112,15000US060770033112,Block Group 2; Census Tract 33.11; San Joaquin County; California,Block Group 2, Census Tract 33.11,622,527,244,283,95,71,24
1500000US060770033121,15000US060770033121,Block Group 1; Census Tract 33.12; San Joaquin County; California,Block Group 1, Census Tract 33.12,218,177,56,121,41,30,11
1500000US060770033122,15000US060770033122,Block Group 2; Census Tract 33.12; San Joaquin County; California,Block Group 2, Census Tract 33.12,408,184,56,128,224,198,26
1500000US060770033123,15000US060770033123,Block Group 3; Census Tract 33.12; San Joaquin County; California,Block Group 3, Census Tract 33.12,300,169,80,89,131,104,27
1500000US060770033131,15000US060770033131,Block Group 1; Census Tract 33.13; San Joaquin County; California,Block Group 1, Census Tract 33.13,439,314,92,222,125,115,10
1500000US060770033132,15000US060770033132,Block Group 2; Census Tract 33.13; San Joaquin County; California,Block Group 2, Census Tract 33.13,627,455,166,289,172,112,60
1500000US060770034031,15000US060770034031,Block Group 1; Census Tract 34.03; San Joaquin County; California,Block Group 1, Census Tract 34.03,273,255,147,108,18,18,0
1500000US060770034032,15000US060770034032,Block Group 2; Census Tract 34.03; San Joaquin County; California,Block Group 2, Census Tract 34.03,487,423,286,137,64,46,18
1500000US060770034033,15000US060770034033,Block Group 3; Census Tract 34.03; San Joaquin County; California,Block Group 3, Census Tract 34.03,489,403,202,201,86,78,8
1500000US060770034041,15000US060770034041,Block Group 1; Census Tract 34.04; San Joaquin County; California,Block Group 1, Census Tract 34.04,371,359,108,251,12,0,12
1500000US060770034042,15000US060770034042,Block Group 2; Census Tract 34.04; San Joaquin County; California,Block Group 2, Census Tract 34.04,267,258,134,124,9,0,9
1500000US060770034043,15000US060770034043,Block Group 3; Census Tract 34.04; San Joaquin County; California,Block Group 3, Census Tract 34.04,434,344,153,191,90,90,0
1500000US060770034044,15000US060770034044,Block Group 4; Census Tract 34.04; San Joaquin County; California,Block Group 4, Census Tract 34.04,768,522,421,101,246,222,24
1500000US060770034051,15000US060770034051,Block Group 1; Census Tract 34.05; San Joaquin County; California,Block Group 1, Census Tract 34.05,393,266,131,135,127,73,54
1500000US060770034052,15000US060770034052,Block Group 2; Census Tract 34.05; San Joaquin County; California,Block Group 2, Census Tract 34.05,246,176,127,49,70,70,0
1500000US060770034053,15000US060770034053,Block Group 3; Census Tract 34.05; San Joaquin County; California,Block Group 3, Census Tract 34.05,415,315,219,96,100,51,49
1500000US060770034061,15000US060770034061,Block Group 1; Census Tract 34.06; San Joaquin County; California,Block Group 1, Census Tract 34.06,593,462,185,277,131,131,0
1500000US060770034062,15000US060770034062,Block Group 2; Census Tract 34.06; San Joaquin County; California,Block Group 2, Census Tract 34.06,663,346,165,181,317,310,7
1500000US060770034071,15000US060770034071,Block Group 1; Census Tract 34.07; San Joaquin County; California,Block Group 1, Census Tract 34.07,601,376,172,204,225,190,35
1500000US060770034072,15000US060770034072,Block Group 2; Census Tract 34.07; San Joaquin County; California,Block Group 2, Census Tract 34.07,397,267,140,127,130,110,20
1500000US060770034091,15000US060770034091,Block Group 1; Census Tract 34.09; San Joaquin County; California,Block Group 1, Census Tract 34.09,291,223,149,74,68,68,0
1500000US060770034092,15000US060770034092,Block Group 2; Census Tract 34.09; San Joaquin County; California,Block Group 2, Census Tract 34.09,425,415,378,37,10,10,0
1500000US060770034093,15000US060770034093,Block Group 3; Census Tract 34.09; San Joaquin County; California,Block Group 3, Census Tract 34.09,582,318,157,161,264,243,21
1500000US060770034101,15000US060770034101,Block Group 1; Census Tract 34.10; San Joaquin County; California,Block Group 1, Census Tract 34.10,498,411,278,133,87,87,0
1500000US060770034102,15000US060770034102,Block Group 2; Census Tract 34.10; San Joaquin County; California,Block Group 2, Census Tract 34.10,411,235,94,141,176,172,4
1500000US060770034103,15000US060770034103,Block Group 3; Census Tract 34.10; San Joaquin County; California,Block Group 3, Census Tract 34.10,528,462,303,159,66,35,31
1500000US060770034104,15000US060770034104,Block Group 4; Census Tract 34.10; San Joaquin County; California,Block Group 4, Census Tract 34.10,369,327,196,131,42,32,10
1500000US060770035011,15000US060770035011,Block Group 1; Census Tract 35.01; San Joaquin County; California,Block Group 1, Census Tract 35.01,390,259,234,25,131,131,0
1500000US060770035012,15000US060770035012,Block Group 2; Census Tract 35.01; San Joaquin County; California,Block Group 2, Census Tract 35.01,366,289,247,42,77,77,0
1500000US060770035021,15000US060770035021,Block Group 1; Census Tract 35.02; San Joaquin County; California,Block Group 1, Census Tract 35.02,221,209,197,12,12,12,0
1500000US060770035022,15000US060770035022,Block Group 2; Census Tract 35.02; San Joaquin County; California,Block Group 2, Census Tract 35.02,383,300,300,0,83,59,24
1500000US060770035023,15000US060770035023,Block Group 3; Census Tract 35.02; San Joaquin County; California,Block Group 3, Census Tract 35.02,498,234,160,74,264,224,40
1500000US060770035031,15000US060770035031,Block Group 1; Census Tract 35.03; San Joaquin County; California,Block Group 1, Census Tract 35.03,201,201,164,37,0,0,0
1500000US060770035032,15000US060770035032,Block Group 2; Census Tract 35.03; San Joaquin County; California,Block Group 2, Census Tract 35.03,548,355,255,100,193,193,0
1500000US060770035033,15000US060770035033,Block Group 3; Census Tract 35.03; San Joaquin County; California,Block Group 3, Census Tract 35.03,403,333,85,248,70,70,0
1500000US060770035034,15000US060770035034,Block Group 4; Census Tract 35.03; San Joaquin County; California,Block Group 4, Census Tract 35.03,1449,1108,877,231,341,341,0
1500000US060770035041,15000US060770035041,Block Group 1; Census Tract 35.04; San Joaquin County; California,Block Group 1, Census Tract 35.04,928,848,534,314,80,62,18
1500000US060770035042,15000US060770035042,Block Group 2; Census Tract 35.04; San Joaquin County; California,Block Group 2, Census Tract 35.04,214,138,119,19,76,76,0
1500000US060770035043,15000US060770035043,Block Group 3; Census Tract 35.04; San Joaquin County; California,Block Group 3, Census Tract 35.04,723,564,480,84,159,159,0
1500000US060770036011,15000US060770036011,Block Group 1; Census Tract 36.01; San Joaquin County; California,Block Group 1, Census Tract 36.01,181,78,55,23,103,95,8
1500000US060770036012,15000US060770036012,Block Group 2; Census Tract 36.01; San Joaquin County; California,Block Group 2, Census Tract 36.01,374,173,137,36,201,180,21
1500000US060770036013,15000US060770036013,Block Group 3; Census Tract 36.01; San Joaquin County; California,Block Group 3, Census Tract 36.01,277,210,90,120,67,40,27
1500000US060770036014,15000US060770036014,Block Group 4; Census Tract 36.01; San Joaquin County; California,Block Group 4, Census Tract 36.01,314,235,214,21,79,79,0
1500000US060770036021,15000US060770036021,Block Group 1; Census Tract 36.02; San Joaquin County; California,Block Group 1, Census Tract 36.02,429,392,310,82,37,37,0
1500000US060770036022,15000US060770036022,Block Group 2; Census Tract 36.02; San Joaquin County; California,Block Group 2, Census Tract 36.02,340,297,167,130,43,34,9
1500000US060770036023,15000US060770036023,Block Group 3; Census Tract 36.02; San Joaquin County; California,Block Group 3, Census Tract 36.02,475,439,119,320,36,36,0
1500000US060770037001,15000US060770037001,Block Group 1; Census Tract 37; San Joaquin County; California,Block Group 1, Census Tract 37,361,251,176,75,110,96,14
1500000US060770037002,15000US060770037002,Block Group 2; Census Tract 37; San Joaquin County; California,Block Group 2, Census Tract 37,506,456,320,136,50,43,7
1500000US060770037003,15000US060770037003,Block Group 3; Census Tract 37; San Joaquin County; California,Block Group 3, Census Tract 37,337,234,108,126,103,45,58
1500000US060770038031,15000US060770038031,Block Group 1; Census Tract 38.03; San Joaquin County; California,Block Group 1, Census Tract 38.03,234,208,199,9,26,26,0
1500000US060770038032,15000US060770038032,Block Group 2; Census Tract 38.03; San Joaquin County; California,Block Group 2, Census Tract 38.03,503,376,271,105,127,55,72
1500000US060770038033,15000US060770038033,Block Group 3; Census Tract 38.03; San Joaquin County; California,Block Group 3, Census Tract 38.03,391,326,278,48,65,36,29
1500000US060770038041,15000US060770038041,Block Group 1; Census Tract 38.04; San Joaquin County; California,Block Group 1, Census Tract 38.04,501,258,156,102,243,175,68
1500000US060770038042,15000US060770038042,Block Group 2; Census Tract 38.04; San Joaquin County; California,Block Group 2, Census Tract 38.04,565,565,233,332,0,0,0
1500000US060770038043,15000US060770038043,Block Group 3; Census Tract 38.04; San Joaquin County; California,Block Group 3, Census Tract 38.04,488,403,341,62,85,85,0
1500000US060770038051,15000US060770038051,Block Group 1; Census Tract 38.05; San Joaquin County; California,Block Group 1, Census Tract 38.05,369,364,227,137,5,0,5
1500000US060770038052,15000US060770038052,Block Group 2; Census Tract 38.05; San Joaquin County; California,Block Group 2, Census Tract 38.05,442,324,214,110,118,100,18
1500000US060770038061,15000US060770038061,Block Group 1; Census Tract 38.06; San Joaquin County; California,Block Group 1, Census Tract 38.06,510,367,311,56,143,86,57
1500000US060770038062,15000US060770038062,Block Group 2; Census Tract 38.06; San Joaquin County; California,Block Group 2, Census Tract 38.06,341,271,194,77,70,49,21
1500000US060770038071,15000US060770038071,Block Group 1; Census Tract 38.07; San Joaquin County; California,Block Group 1, Census Tract 38.07,323,252,211,41,71,62,9
1500000US060770038072,15000US060770038072,Block Group 2; Census Tract 38.07; San Joaquin County; California,Block Group 2, Census Tract 38.07,268,268,203,65,0,0,0
1500000US060770038081,15000US060770038081,Block Group 1; Census Tract 38.08; San Joaquin County; California,Block Group 1, Census Tract 38.08,452,436,234,202,16,16,0
1500000US060770038082,15000US060770038082,Block Group 2; Census Tract 38.08; San Joaquin County; California,Block Group 2, Census Tract 38.08,400,342,212,130,58,42,16
1500000US060770038083,15000US060770038083,Block Group 3; Census Tract 38.08; San Joaquin County; California,Block Group 3, Census Tract 38.08,294,262,187,75,32,32,0
1500000US060770039001,15000US060770039001,Block Group 1; Census Tract 39; San Joaquin County; California,Block Group 1, Census Tract 39,280,122,98,24,158,121,37
1500000US060770039002,15000US060770039002,Block Group 2; Census Tract 39; San Joaquin County; California,Block Group 2, Census Tract 39,270,83,63,20,187,174,13
1500000US060770040011,15000US060770040011,Block Group 1; Census Tract 40.01; San Joaquin County; California,Block Group 1, Census Tract 40.01,488,248,183,65,240,161,79
1500000US060770040012,15000US060770040012,Block Group 2; Census Tract 40.01; San Joaquin County; California,Block Group 2, Census Tract 40.01,321,264,164,100,57,52,5
1500000US060770040031,15000US060770040031,Block Group 1; Census Tract 40.03; San Joaquin County; California,Block Group 1, Census Tract 40.03,486,426,385,41,60,60,0
1500000US060770040032,15000US060770040032,Block Group 2; Census Tract 40.03; San Joaquin County; California,Block Group 2, Census Tract 40.03,713,534,431,103,179,174,5
1500000US060770040033,15000US060770040033,Block Group 3; Census Tract 40.03; San Joaquin County; California,Block Group 3, Census Tract 40.03,584,332,253,79,252,252,0
1500000US060770040041,15000US060770040041,Block Group 1; Census Tract 40.04; San Joaquin County; California,Block Group 1, Census Tract 40.04,455,423,385,38,32,18,14
1500000US060770040042,15000US060770040042,Block Group 2; Census Tract 40.04; San Joaquin County; California,Block Group 2, Census Tract 40.04,363,283,155,128,80,0,80
1500000US060770040043,15000US060770040043,Block Group 3; Census Tract 40.04; San Joaquin County; California,Block Group 3, Census Tract 40.04,753,644,493,151,109,71,38
1500000US060770040044,15000US060770040044,Block Group 4; Census Tract 40.04; San Joaquin County; California,Block Group 4, Census Tract 40.04,536,258,213,45,278,236,42
1500000US060770041041,15000US060770041041,Block Group 1; Census Tract 41.04; San Joaquin County; California,Block Group 1, Census Tract 41.04,911,662,530,132,249,240,9
1500000US060770041042,15000US060770041042,Block Group 2; Census Tract 41.04; San Joaquin County; California,Block Group 2, Census Tract 41.04,392,316,263,53,76,67,9
1500000US060770041043,15000US060770041043,Block Group 3; Census Tract 41.04; San Joaquin County; California,Block Group 3, Census Tract 41.04,412,313,268,45,99,91,8
1500000US060770041051,15000US060770041051,Block Group 1; Census Tract 41.05; San Joaquin County; California,Block Group 1, Census Tract 41.05,597,371,340,31,226,217,9
1500000US060770041052,15000US060770041052,Block Group 2; Census Tract 41.05; San Joaquin County; California,Block Group 2, Census Tract 41.05,465,309,244,65,156,134,22
1500000US060770041053,15000US060770041053,Block Group 3; Census Tract 41.05; San Joaquin County; California,Block Group 3, Census Tract 41.05,496,297,262,35,199,199,0
1500000US060770041054,15000US060770041054,Block Group 4; Census Tract 41.05; San Joaquin County; California,Block Group 4, Census Tract 41.05,517,460,376,84,57,57,0
1500000US060770041061,15000US060770041061,Block Group 1; Census Tract 41.06; San Joaquin County; California,Block Group 1, Census Tract 41.06,558,469,414,55,89,76,13
1500000US060770041062,15000US060770041062,Block Group 2; Census Tract 41.06; San Joaquin County; California,Block Group 2, Census Tract 41.06,191,148,126,22,43,28,15
1500000US060770041071,15000US060770041071,Block Group 1; Census Tract 41.07; San Joaquin County; California,Block Group 1, Census Tract 41.07,797,590,507,83,207,158,49
1500000US060770041072,15000US060770041072,Block Group 2; Census Tract 41.07; San Joaquin County; California,Block Group 2, Census Tract 41.07,473,369,272,97,104,104,0
1500000US060770041081,15000US060770041081,Block Group 1; Census Tract 41.08; San Joaquin County; California,Block Group 1, Census Tract 41.08,383,316,213,103,67,0,67
1500000US060770041082,15000US060770041082,Block Group 2; Census Tract 41.08; San Joaquin County; California,Block Group 2, Census Tract 41.08,413,355,277,78,58,58,0
1500000US060770041083,15000US060770041083,Block Group 3; Census Tract 41.08; San Joaquin County; California,Block Group 3, Census Tract 41.08,729,504,399,105,225,225,0
1500000US060770041084,15000US060770041084,Block Group 4; Census Tract 41.08; San Joaquin County; California,Block Group 4, Census Tract 41.08,705,576,472,104,129,129,0
1500000US060770042021,15000US060770042021,Block Group 1; Census Tract 42.02; San Joaquin County; California,Block Group 1, Census Tract 42.02,699,473,428,45,226,185,41
1500000US060770042031,15000US060770042031,Block Group 1; Census Tract 42.03; San Joaquin County; California,Block Group 1, Census Tract 42.03,691,508,402,106,183,157,26
1500000US060770042032,15000US060770042032,Block Group 2; Census Tract 42.03; San Joaquin County; California,Block Group 2, Census Tract 42.03,363,195,79,116,168,117,51
1500000US060770042033,15000US060770042033,Block Group 3; Census Tract 42.03; San Joaquin County; California,Block Group 3, Census Tract 42.03,393,316,189,127,77,52,25
1500000US060770042041,15000US060770042041,Block Group 1; Census Tract 42.04; San Joaquin County; California,Block Group 1, Census Tract 42.04,561,239,196,43,322,267,55
1500000US060770042042,15000US060770042042,Block Group 2; Census Tract 42.04; San Joaquin County; California,Block Group 2, Census Tract 42.04,400,240,125,115,160,140,20
1500000US060770042043,15000US060770042043,Block Group 3; Census Tract 42.04; San Joaquin County; California,Block Group 3, Census Tract 42.04,255,168,144,24,87,61,26
1500000US060770042051,15000US060770042051,Block Group 1; Census Tract 42.05; San Joaquin County; California,Block Group 1, Census Tract 42.05,311,218,162,56,93,82,11
1500000US060770042052,15000US060770042052,Block Group 2; Census Tract 42.05; San Joaquin County; California,Block Group 2, Census Tract 42.05,612,434,243,191,178,164,14
1500000US060770042053,15000US060770042053,Block Group 3; Census Tract 42.05; San Joaquin County; California,Block Group 3, Census Tract 42.05,321,221,179,42,100,87,13
1500000US060770042061,15000US060770042061,Block Group 1; Census Tract 42.06; San Joaquin County; California,Block Group 1, Census Tract 42.06,766,353,251,102,413,307,106
1500000US060770042062,15000US060770042062,Block Group 2; Census Tract 42.06; San Joaquin County; California,Block Group 2, Census Tract 42.06,480,333,309,24,147,128,19
1500000US060770043021,15000US060770043021,Block Group 1; Census Tract 43.02; San Joaquin County; California,Block Group 1, Census Tract 43.02,389,222,135,87,167,152,15
1500000US060770043022,15000US060770043022,Block Group 2; Census Tract 43.02; San Joaquin County; California,Block Group 2, Census Tract 43.02,632,318,283,35,314,225,89
1500000US060770043023,15000US060770043023,Block Group 3; Census Tract 43.02; San Joaquin County; California,Block Group 3, Census Tract 43.02,698,467,432,35,231,219,12
1500000US060770043024,15000US060770043024,Block Group 4; Census Tract 43.02; San Joaquin County; California,Block Group 4, Census Tract 43.02,477,298,246,52,179,99,80
1500000US060770043051,15000US060770043051,Block Group 1; Census Tract 43.05; San Joaquin County; California,Block Group 1, Census Tract 43.05,477,342,320,22,135,98,37
1500000US060770043052,15000US060770043052,Block Group 2; Census Tract 43.05; San Joaquin County; California,Block Group 2, Census Tract 43.05,446,420,334,86,26,26,0
1500000US060770043053,15000US060770043053,Block Group 3; Census Tract 43.05; San Joaquin County; California,Block Group 3, Census Tract 43.05,611,453,155,298,158,118,40
1500000US060770043054,15000US060770043054,Block Group 4; Census Tract 43.05; San Joaquin County; California,Block Group 4, Census Tract 43.05,538,425,294,131,113,113,0
1500000US060770043071,15000US060770043071,Block Group 1; Census Tract 43.07; San Joaquin County; California,Block Group 1, Census Tract 43.07,562,377,252,125,185,178,7
1500000US060770043072,15000US060770043072,Block Group 2; Census Tract 43.07; San Joaquin County; California,Block Group 2, Census Tract 43.07,530,274,113,161,256,230,26
1500000US060770043073,15000US060770043073,Block Group 3; Census Tract 43.07; San Joaquin County; California,Block Group 3, Census Tract 43.07,346,302,242,60,44,23,21
1500000US060770043081,15000US060770043081,Block Group 1; Census Tract 43.08; San Joaquin County; California,Block Group 1, Census Tract 43.08,363,304,233,71,59,59,0
1500000US060770043082,15000US060770043082,Block Group 2; Census Tract 43.08; San Joaquin County; California,Block Group 2, Census Tract 43.08,391,257,140,117,134,68,66
1500000US060770043083,15000US060770043083,Block Group 3; Census Tract 43.08; San Joaquin County; California,Block Group 3, Census Tract 43.08,495,381,303,78,114,92,22
1500000US060770043091,15000US060770043091,Block Group 1; Census Tract 43.09; San Joaquin County; California,Block Group 1, Census Tract 43.09,397,373,263,110,24,19,5
1500000US060770043092,15000US060770043092,Block Group 2; Census Tract 43.09; San Joaquin County; California,Block Group 2, Census Tract 43.09,503,348,226,122,155,122,33
1500000US060770043101,15000US060770043101,Block Group 1; Census Tract 43.10; San Joaquin County; California,Block Group 1, Census Tract 43.10,484,406,394,12,78,78,0
1500000US060770043102,15000US060770043102,Block Group 2; Census Tract 43.10; San Joaquin County; California,Block Group 2, Census Tract 43.10,479,242,217,25,237,218,19
1500000US060770044021,15000US060770044021,Block Group 1; Census Tract 44.02; San Joaquin County; California,Block Group 1, Census Tract 44.02,426,346,265,81,80,52,28
1500000US060770044022,15000US060770044022,Block Group 2; Census Tract 44.02; San Joaquin County; California,Block Group 2, Census Tract 44.02,591,453,327,126,138,94,44
1500000US060770044023,15000US060770044023,Block Group 3; Census Tract 44.02; San Joaquin County; California,Block Group 3, Census Tract 44.02,629,527,398,129,102,52,50
1500000US060770044031,15000US060770044031,Block Group 1; Census Tract 44.03; San Joaquin County; California,Block Group 1, Census Tract 44.03,491,398,227,171,93,75,18
1500000US060770044032,15000US060770044032,Block Group 2; Census Tract 44.03; San Joaquin County; California,Block Group 2, Census Tract 44.03,200,190,111,79,10,0,10
1500000US060770044033,15000US060770044033,Block Group 3; Census Tract 44.03; San Joaquin County; California,Block Group 3, Census Tract 44.03,231,167,104,63,64,39,25
1500000US060770044041,15000US060770044041,Block Group 1; Census Tract 44.04; San Joaquin County; California,Block Group 1, Census Tract 44.04,358,334,168,166,24,24,0
1500000US060770044042,15000US060770044042,Block Group 2; Census Tract 44.04; San Joaquin County; California,Block Group 2, Census Tract 44.04,409,321,201,120,88,88,0
1500000US060770044043,15000US060770044043,Block Group 3; Census Tract 44.04; San Joaquin County; California,Block Group 3, Census Tract 44.04,411,377,179,198,34,18,16
1500000US060770045011,15000US060770045011,Block Group 1; Census Tract 45.01; San Joaquin County; California,Block Group 1, Census Tract 45.01,502,253,179,74,249,240,9
1500000US060770045012,15000US060770045012,Block Group 2; Census Tract 45.01; San Joaquin County; California,Block Group 2, Census Tract 45.01,431,283,125,158,148,101,47
1500000US060770045021,15000US060770045021,Block Group 1; Census Tract 45.02; San Joaquin County; California,Block Group 1, Census Tract 45.02,693,540,277,263,153,101,52
1500000US060770045022,15000US060770045022,Block Group 2; Census Tract 45.02; San Joaquin County; California,Block Group 2, Census Tract 45.02,248,192,118,74,56,42,14
1500000US060770045023,15000US060770045023,Block Group 3; Census Tract 45.02; San Joaquin County; California,Block Group 3, Census Tract 45.02,256,170,51,119,86,81,5
1500000US060770046001,15000US060770046001,Block Group 1; Census Tract 46; San Joaquin County; California,Block Group 1, Census Tract 46,585,518,402,116,67,49,18
1500000US060770046002,15000US060770046002,Block Group 2; Census Tract 46; San Joaquin County; California,Block Group 2, Census Tract 46,315,171,152,19,144,74,70
1500000US060770046003,15000US060770046003,Block Group 3; Census Tract 46; San Joaquin County; California,Block Group 3, Census Tract 46,308,248,248,0,60,60,0
1500000US060770046004,15000US060770046004,Block Group 4; Census Tract 46; San Joaquin County; California,Block Group 4, Census Tract 46,504,479,428,51,25,25,0
1500000US060770046005,15000US060770046005,Block Group 5; Census Tract 46; San Joaquin County; California,Block Group 5, Census Tract 46,353,213,153,60,140,80,60
1500000US060770047011,15000US060770047011,Block Group 1; Census Tract 47.01; San Joaquin County; California,Block Group 1, Census Tract 47.01,554,421,256,165,133,133,0
1500000US060770047012,15000US060770047012,Block Group 2; Census Tract 47.01; San Joaquin County; California,Block Group 2, Census Tract 47.01,656,404,350,54,252,172,80
1500000US060770047031,15000US060770047031,Block Group 1; Census Tract 47.03; San Joaquin County; California,Block Group 1, Census Tract 47.03,440,240,203,37,200,196,4
1500000US060770047032,15000US060770047032,Block Group 2; Census Tract 47.03; San Joaquin County; California,Block Group 2, Census Tract 47.03,410,306,218,88,104,93,11
1500000US060770047033,15000US060770047033,Block Group 3; Census Tract 47.03; San Joaquin County; California,Block Group 3, Census Tract 47.03,475,401,347,54,74,38,36
1500000US060770047041,15000US060770047041,Block Group 1; Census Tract 47.04; San Joaquin County; California,Block Group 1, Census Tract 47.04,303,148,126,22,155,155,0
1500000US060770047042,15000US060770047042,Block Group 2; Census Tract 47.04; San Joaquin County; California,Block Group 2, Census Tract 47.04,396,340,307,33,56,46,10
1500000US060770047043,15000US060770047043,Block Group 3; Census Tract 47.04; San Joaquin County; California,Block Group 3, Census Tract 47.04,577,374,240,134,203,125,78
1500000US060770047044,15000US060770047044,Block Group 4; Census Tract 47.04; San Joaquin County; California,Block Group 4, Census Tract 47.04,407,308,238,70,99,48,51
1500000US060770048001,15000US060770048001,Block Group 1; Census Tract 48; San Joaquin County; California,Block Group 1, Census Tract 48,344,285,209,76,59,51,8
1500000US060770048002,15000US060770048002,Block Group 2; Census Tract 48; San Joaquin County; California,Block Group 2, Census Tract 48,807,558,374,184,249,226,23
1500000US060770048003,15000US060770048003,Block Group 3; Census Tract 48; San Joaquin County; California,Block Group 3, Census Tract 48,358,225,197,28,133,133,0
1500000US060770048004,15000US060770048004,Block Group 4; Census Tract 48; San Joaquin County; California,Block Group 4, Census Tract 48,480,387,303,84,93,68,25
1500000US060770049031,15000US060770049031,Block Group 1; Census Tract 49.03; San Joaquin County; California,Block Group 1, Census Tract 49.03,411,320,291,29,91,91,0
1500000US060770049032,15000US060770049032,Block Group 2; Census Tract 49.03; San Joaquin County; California,Block Group 2, Census Tract 49.03,856,507,370,137,349,344,5
1500000US060770049041,15000US060770049041,Block Group 1; Census Tract 49.04; San Joaquin County; California,Block Group 1, Census Tract 49.04,486,463,395,68,23,8,15
1500000US060770049042,15000US060770049042,Block Group 2; Census Tract 49.04; San Joaquin County; California,Block Group 2, Census Tract 49.04,503,377,338,39,126,116,10
1500000US060770049043,15000US060770049043,Block Group 3; Census Tract 49.04; San Joaquin County; California,Block Group 3, Census Tract 49.04,377,266,170,96,111,111,0
1500000US060770049044,15000US060770049044,Block Group 4; Census Tract 49.04; San Joaquin County; California,Block Group 4, Census Tract 49.04,313,188,180,8,125,125,0
1500000US060770049051,15000US060770049051,Block Group 1; Census Tract 49.05; San Joaquin County; California,Block Group 1, Census Tract 49.05,424,311,250,61,113,99,14
1500000US060770049052,15000US060770049052,Block Group 2; Census Tract 49.05; San Joaquin County; California,Block Group 2, Census Tract 49.05,244,180,163,17,64,33,31
1500000US060770049053,15000US060770049053,Block Group 3; Census Tract 49.05; San Joaquin County; California,Block Group 3, Census Tract 49.05,268,265,260,5,3,3,0
1500000US060770049061,15000US060770049061,Block Group 1; Census Tract 49.06; San Joaquin County; California,Block Group 1, Census Tract 49.06,268,231,231,0,37,0,37
1500000US060770049062,15000US060770049062,Block Group 2; Census Tract 49.06; San Joaquin County; California,Block Group 2, Census Tract 49.06,409,358,275,83,51,37,14
1500000US060770049063,15000US060770049063,Block Group 3; Census Tract 49.06; San Joaquin County; California,Block Group 3, Census Tract 49.06,184,148,121,27,36,21,15
1500000US060770050011,15000US060770050011,Block Group 1; Census Tract 50.01; San Joaquin County; California,Block Group 1, Census Tract 50.01,373,306,174,132,67,14,53
1500000US060770050012,15000US060770050012,Block Group 2; Census Tract 50.01; San Joaquin County; California,Block Group 2, Census Tract 50.01,1016,869,752,117,147,147,0
1500000US060770050013,15000US060770050013,Block Group 3; Census Tract 50.01; San Joaquin County; California,Block Group 3, Census Tract 50.01,274,206,188,18,68,51,17
1500000US060770050014,15000US060770050014,Block Group 4; Census Tract 50.01; San Joaquin County; California,Block Group 4, Census Tract 50.01,512,495,425,70,17,17,0
1500000US060770050031,15000US060770050031,Block Group 1; Census Tract 50.03; San Joaquin County; California,Block Group 1, Census Tract 50.03,422,385,331,54,37,22,15
1500000US060770050032,15000US060770050032,Block Group 2; Census Tract 50.03; San Joaquin County; California,Block Group 2, Census Tract 50.03,470,343,265,78,127,96,31
1500000US060770050033,15000US060770050033,Block Group 3; Census Tract 50.03; San Joaquin County; California,Block Group 3, Census Tract 50.03,675,560,473,87,115,50,65
1500000US060770050034,15000US060770050034,Block Group 4; Census Tract 50.03; San Joaquin County; California,Block Group 4, Census Tract 50.03,645,393,304,89,252,252,0
1500000US060770050041,15000US060770050041,Block Group 1; Census Tract 50.04; San Joaquin County; California,Block Group 1, Census Tract 50.04,343,337,278,59,6,6,0
1500000US060770050042,15000US060770050042,Block Group 2; Census Tract 50.04; San Joaquin County; California,Block Group 2, Census Tract 50.04,562,457,290,167,105,85,20
1500000US060770050043,15000US060770050043,Block Group 3; Census Tract 50.04; San Joaquin County; California,Block Group 3, Census Tract 50.04,405,363,306,57,42,11,31
1500000US060770050044,15000US060770050044,Block Group 4; Census Tract 50.04; San Joaquin County; California,Block Group 4, Census Tract 50.04,644,491,311,180,153,136,17
1500000US060770051061,15000US060770051061,Block Group 1; Census Tract 51.06; San Joaquin County; California,Block Group 1, Census Tract 51.06,1101,882,635,247,219,172,47
1500000US060770051062,15000US060770051062,Block Group 2; Census Tract 51.06; San Joaquin County; California,Block Group 2, Census Tract 51.06,520,488,412,76,32,0,32
1500000US060770051063,15000US060770051063,Block Group 3; Census Tract 51.06; San Joaquin County; California,Block Group 3, Census Tract 51.06,427,194,194,0,233,153,80
1500000US060770051064,15000US060770051064,Block Group 4; Census Tract 51.06; San Joaquin County; California,Block Group 4, Census Tract 51.06,1888,1713,1505,208,175,144,31
1500000US060770051081,15000US060770051081,Block Group 1; Census Tract 51.08; San Joaquin County; California,Block Group 1, Census Tract 51.08,444,403,265,138,41,41,0
1500000US060770051082,15000US060770051082,Block Group 2; Census Tract 51.08; San Joaquin County; California,Block Group 2, Census Tract 51.08,386,245,71,174,141,123,18
1500000US060770051083,15000US060770051083,Block Group 3; Census Tract 51.08; San Joaquin County; California,Block Group 3, Census Tract 51.08,645,461,301,160,184,171,13
1500000US060770051091,15000US060770051091,Block Group 1; Census Tract 51.09; San Joaquin County; California,Block Group 1, Census Tract 51.09,437,352,263,89,85,49,36
1500000US060770051092,15000US060770051092,Block Group 2; Census Tract 51.09; San Joaquin County; California,Block Group 2, Census Tract 51.09,634,240,67,173,394,268,126
1500000US060770051093,15000US060770051093,Block Group 3; Census Tract 51.09; San Joaquin County; California,Block Group 3, Census Tract 51.09,236,208,142,66,28,28,0
1500000US060770051191,15000US060770051191,Block Group 1; Census Tract 51.19; San Joaquin County; California,Block Group 1, Census Tract 51.19,603,449,258,191,154,25,129
1500000US060770051192,15000US060770051192,Block Group 2; Census Tract 51.19; San Joaquin County; California,Block Group 2, Census Tract 51.19,59,49,24,25,10,10,0
1500000US060770051193,15000US060770051193,Block Group 3; Census Tract 51.19; San Joaquin County; California,Block Group 3, Census Tract 51.19,980,798,679,119,182,123,59
1500000US060770051194,15000US060770051194,Block Group 4; Census Tract 51.19; San Joaquin County; California,Block Group 4, Census Tract 51.19,1103,997,679,318,106,106,0
1500000US060770051221,15000US060770051221,Block Group 1; Census Tract 51.22; San Joaquin County; California,Block Group 1, Census Tract 51.22,1336,1063,984,79,273,169,104
1500000US060770051222,15000US060770051222,Block Group 2; Census Tract 51.22; San Joaquin County; California,Block Group 2, Census Tract 51.22,152,97,88,9,55,50,5
1500000US060770051223,15000US060770051223,Block Group 3; Census Tract 51.22; San Joaquin County; California,Block Group 3, Census Tract 51.22,429,348,310,38,81,74,7
1500000US060770051224,15000US060770051224,Block Group 4; Census Tract 51.22; San Joaquin County; California,Block Group 4, Census Tract 51.22,236,229,198,31,7,7,0
1500000US060770051231,15000US060770051231,Block Group 1; Census Tract 51.23; San Joaquin County; California,Block Group 1, Census Tract 51.23,497,393,294,99,104,89,15
1500000US060770051232,15000US060770051232,Block Group 2; Census Tract 51.23; San Joaquin County; California,Block Group 2, Census Tract 51.23,188,178,178,0,10,0,10
1500000US060770051233,15000US060770051233,Block Group 3; Census Tract 51.23; San Joaquin County; California,Block Group 3, Census Tract 51.23,699,643,443,200,56,45,11
1500000US060770051241,15000US060770051241,Block Group 1; Census Tract 51.24; San Joaquin County; California,Block Group 1, Census Tract 51.24,653,408,196,212,245,230,15
1500000US060770051242,15000US060770051242,Block Group 2; Census Tract 51.24; San Joaquin County; California,Block Group 2, Census Tract 51.24,277,248,126,122,29,0,29
1500000US060770051243,15000US060770051243,Block Group 3; Census Tract 51.24; San Joaquin County; California,Block Group 3, Census Tract 51.24,282,163,129,34,119,119,0
1500000US060770051251,15000US060770051251,Block Group 1; Census Tract 51.25; San Joaquin County; California,Block Group 1, Census Tract 51.25,295,264,127,137,31,17,14
1500000US060770051252,15000US060770051252,Block Group 2; Census Tract 51.25; San Joaquin County; California,Block Group 2, Census Tract 51.25,378,274,209,65,104,104,0
1500000US060770051261,15000US060770051261,Block Group 1; Census Tract 51.26; San Joaquin County; California,Block Group 1, Census Tract 51.26,332,303,217,86,29,29,0
1500000US060770051262,15000US060770051262,Block Group 2; Census Tract 51.26; San Joaquin County; California,Block Group 2, Census Tract 51.26,494,379,230,149,115,36,79
1500000US060770051263,15000US060770051263,Block Group 3; Census Tract 51.26; San Joaquin County; California,Block Group 3, Census Tract 51.26,561,303,129,174,258,206,52
1500000US060770051271,15000US060770051271,Block Group 1; Census Tract 51.27; San Joaquin County; California,Block Group 1, Census Tract 51.27,622,537,355,182,85,45,40
1500000US060770051272,15000US060770051272,Block Group 2; Census Tract 51.27; San Joaquin County; California,Block Group 2, Census Tract 51.27,531,504,443,61,27,27,0
1500000US060770051273,15000US060770051273,Block Group 3; Census Tract 51.27; San Joaquin County; California,Block Group 3, Census Tract 51.27,732,454,322,132,278,231,47
1500000US060770051291,15000US060770051291,Block Group 1; Census Tract 51.29; San Joaquin County; California,Block Group 1, Census Tract 51.29,385,352,153,199,33,33,0
1500000US060770051292,15000US060770051292,Block Group 2; Census Tract 51.29; San Joaquin County; California,Block Group 2, Census Tract 51.29,773,634,507,127,139,119,20
1500000US060770051301,15000US060770051301,Block Group 1; Census Tract 51.30; San Joaquin County; California,Block Group 1, Census Tract 51.30,264,229,205,24,35,31,4
1500000US060770051302,15000US060770051302,Block Group 2; Census Tract 51.30; San Joaquin County; California,Block Group 2, Census Tract 51.30,621,505,376,129,116,94,22
1500000US060770051311,15000US060770051311,Block Group 1; Census Tract 51.31; San Joaquin County; California,Block Group 1, Census Tract 51.31,211,196,123,73,15,0,15
1500000US060770051312,15000US060770051312,Block Group 2; Census Tract 51.31; San Joaquin County; California,Block Group 2, Census Tract 51.31,519,473,436,37,46,46,0
1500000US060770051313,15000US060770051313,Block Group 3; Census Tract 51.31; San Joaquin County; California,Block Group 3, Census Tract 51.31,645,490,420,70,155,125,30
1500000US060770051321,15000US060770051321,Block Group 1; Census Tract 51.32; San Joaquin County; California,Block Group 1, Census Tract 51.32,259,227,74,153,32,32,0
1500000US060770051322,15000US060770051322,Block Group 2; Census Tract 51.32; San Joaquin County; California,Block Group 2, Census Tract 51.32,274,160,87,73,114,67,47
1500000US060770051323,15000US060770051323,Block Group 3; Census Tract 51.32; San Joaquin County; California,Block Group 3, Census Tract 51.32,457,368,192,176,89,89,0
1500000US060770051331,15000US060770051331,Block Group 1; Census Tract 51.33; San Joaquin County; California,Block Group 1, Census Tract 51.33,303,243,163,80,60,37,23
1500000US060770051332,15000US060770051332,Block Group 2; Census Tract 51.33; San Joaquin County; California,Block Group 2, Census Tract 51.33,480,408,330,78,72,72,0
1500000US060770051333,15000US060770051333,Block Group 3; Census Tract 51.33; San Joaquin County; California,Block Group 3, Census Tract 51.33,229,194,107,87,35,35,0
1500000US060770051334,15000US060770051334,Block Group 4; Census Tract 51.33; San Joaquin County; California,Block Group 4, Census Tract 51.33,265,227,60,167,38,38,0
1500000US060770051341,15000US060770051341,Block Group 1; Census Tract 51.34; San Joaquin County; California,Block Group 1, Census Tract 51.34,353,294,221,73,59,59,0
1500000US060770051342,15000US060770051342,Block Group 2; Census Tract 51.34; San Joaquin County; California,Block Group 2, Census Tract 51.34,222,207,129,78,15,7,8
1500000US060770051343,15000US060770051343,Block Group 3; Census Tract 51.34; San Joaquin County; California,Block Group 3, Census Tract 51.34,333,290,150,140,43,37,6
1500000US060770051344,15000US060770051344,Block Group 4; Census Tract 51.34; San Joaquin County; California,Block Group 4, Census Tract 51.34,452,403,211,192,49,49,0
1500000US060770051351,15000US060770051351,Block Group 1; Census Tract 51.35; San Joaquin County; California,Block Group 1, Census Tract 51.35,399,348,288,60,51,41,10
1500000US060770051352,15000US060770051352,Block Group 2; Census Tract 51.35; San Joaquin County; California,Block Group 2, Census Tract 51.35,606,521,357,164,85,85,0
1500000US060770051353,15000US060770051353,Block Group 3; Census Tract 51.35; San Joaquin County; California,Block Group 3, Census Tract 51.35,721,642,522,120,79,55,24
1500000US060770051354,15000US060770051354,Block Group 4; Census Tract 51.35; San Joaquin County; California,Block Group 4, Census Tract 51.35,1304,785,686,99,519,477,42
1500000US060770051361,15000US060770051361,Block Group 1; Census Tract 51.36; San Joaquin County; California,Block Group 1, Census Tract 51.36,534,404,306,98,130,82,48
1500000US060770051362,15000US060770051362,Block Group 2; Census Tract 51.36; San Joaquin County; California,Block Group 2, Census Tract 51.36,376,329,314,15,47,31,16
1500000US060770051371,15000US060770051371,Block Group 1; Census Tract 51.37; San Joaquin County; California,Block Group 1, Census Tract 51.37,798,678,524,154,120,103,17
1500000US060770051372,15000US060770051372,Block Group 2; Census Tract 51.37; San Joaquin County; California,Block Group 2, Census Tract 51.37,890,699,506,193,191,168,23
1500000US060770051373,15000US060770051373,Block Group 3; Census Tract 51.37; San Joaquin County; California,Block Group 3, Census Tract 51.37,538,538,473,65,0,0,0
1500000US060770051374,15000US060770051374,Block Group 4; Census Tract 51.37; San Joaquin County; California,Block Group 4, Census Tract 51.37,347,205,98,107,142,142,0
1500000US060770051381,15000US060770051381,Block Group 1; Census Tract 51.38; San Joaquin County; California,Block Group 1, Census Tract 51.38,726,490,311,179,236,172,64
1500000US060770051382,15000US060770051382,Block Group 2; Census Tract 51.38; San Joaquin County; California,Block Group 2, Census Tract 51.38,481,231,136,95,250,238,12
1500000US060770051391,15000US060770051391,Block Group 1; Census Tract 51.39; San Joaquin County; California,Block Group 1, Census Tract 51.39,337,229,175,54,108,90,18
1500000US060770051392,15000US060770051392,Block Group 2; Census Tract 51.39; San Joaquin County; California,Block Group 2, Census Tract 51.39,810,637,593,44,173,173,0
1500000US060770051401,15000US060770051401,Block Group 1; Census Tract 51.40; San Joaquin County; California,Block Group 1, Census Tract 51.40,652,501,387,114,151,133,18
1500000US060770051402,15000US060770051402,Block Group 2; Census Tract 51.40; San Joaquin County; California,Block Group 2, Census Tract 51.40,232,129,46,83,103,103,0
1500000US060770051403,15000US060770051403,Block Group 3; Census Tract 51.40; San Joaquin County; California,Block Group 3, Census Tract 51.40,459,351,283,68,108,53,55
1500000US060770051411,15000US060770051411,Block Group 1; Census Tract 51.41; San Joaquin County; California,Block Group 1, Census Tract 51.41,554,326,192,134,228,149,79
1500000US060770051412,15000US060770051412,Block Group 2; Census Tract 51.41; San Joaquin County; California,Block Group 2, Census Tract 51.41,491,353,218,135,138,132,6
1500000US060770052081,15000US060770052081,Block Group 1; Census Tract 52.08; San Joaquin County; California,Block Group 1, Census Tract 52.08,502,414,380,34,88,31,57
1500000US060770052082,15000US060770052082,Block Group 2; Census Tract 52.08; San Joaquin County; California,Block Group 2, Census Tract 52.08,429,314,199,115,115,87,28
1500000US060770052083,15000US060770052083,Block Group 3; Census Tract 52.08; San Joaquin County; California,Block Group 3, Census Tract 52.08,571,523,323,200,48,48,0
1500000US060770052084,15000US060770052084,Block Group 4; Census Tract 52.08; San Joaquin County; California,Block Group 4, Census Tract 52.08,575,398,349,49,177,177,0
1500000US060770052111,15000US060770052111,Block Group 1; Census Tract 52.11; San Joaquin County; California,Block Group 1, Census Tract 52.11,115,115,107,8,0,0,0
1500000US060770052112,15000US060770052112,Block Group 2; Census Tract 52.11; San Joaquin County; California,Block Group 2, Census Tract 52.11,600,548,330,218,52,52,0
1500000US060770052113,15000US060770052113,Block Group 3; Census Tract 52.11; San Joaquin County; California,Block Group 3, Census Tract 52.11,603,566,457,109,37,29,8
1500000US060770052121,15000US060770052121,Block Group 1; Census Tract 52.12; San Joaquin County; California,Block Group 1, Census Tract 52.12,596,550,406,144,46,19,27
1500000US060770052122,15000US060770052122,Block Group 2; Census Tract 52.12; San Joaquin County; California,Block Group 2, Census Tract 52.12,625,608,595,13,17,9,8
1500000US060770052123,15000US060770052123,Block Group 3; Census Tract 52.12; San Joaquin County; California,Block Group 3, Census Tract 52.12,581,495,440,55,86,12,74
1500000US060770052131,15000US060770052131,Block Group 1; Census Tract 52.13; San Joaquin County; California,Block Group 1, Census Tract 52.13,264,243,195,48,21,21,0
1500000US060770052132,15000US060770052132,Block Group 2; Census Tract 52.13; San Joaquin County; California,Block Group 2, Census Tract 52.13,760,733,683,50,27,0,27
1500000US060770052141,15000US060770052141,Block Group 1; Census Tract 52.14; San Joaquin County; California,Block Group 1, Census Tract 52.14,2374,2072,1747,325,302,266,36
1500000US060770052142,15000US060770052142,Block Group 2; Census Tract 52.14; San Joaquin County; California,Block Group 2, Census Tract 52.14,370,277,266,11,93,83,10
1500000US060770052151,15000US060770052151,Block Group 1; Census Tract 52.15; San Joaquin County; California,Block Group 1, Census Tract 52.15,548,491,491,0,57,43,14
1500000US060770052152,15000US060770052152,Block Group 2; Census Tract 52.15; San Joaquin County; California,Block Group 2, Census Tract 52.15,393,341,285,56,52,45,7
1500000US060770052153,15000US060770052153,Block Group 3; Census Tract 52.15; San Joaquin County; California,Block Group 3, Census Tract 52.15,376,340,289,51,36,6,30
1500000US060770052161,15000US060770052161,Block Group 1; Census Tract 52.16; San Joaquin County; California,Block Group 1, Census Tract 52.16,480,385,269,116,95,16,79
1500000US060770052162,15000US060770052162,Block Group 2; Census Tract 52.16; San Joaquin County; California,Block Group 2, Census Tract 52.16,436,428,357,71,8,0,8
1500000US060770052163,15000US060770052163,Block Group 3; Census Tract 52.16; San Joaquin County; California,Block Group 3, Census Tract 52.16,546,386,298,88,160,96,64
1500000US060770052171,15000US060770052171,Block Group 1; Census Tract 52.17; San Joaquin County; California,Block Group 1, Census Tract 52.17,536,476,346,130,60,24,36
1500000US060770052172,15000US060770052172,Block Group 2; Census Tract 52.17; San Joaquin County; California,Block Group 2, Census Tract 52.17,428,391,350,41,37,25,12
1500000US060770052181,15000US060770052181,Block Group 1; Census Tract 52.18; San Joaquin County; California,Block Group 1, Census Tract 52.18,581,580,461,119,1,0,1
1500000US060770052182,15000US060770052182,Block Group 2; Census Tract 52.18; San Joaquin County; California,Block Group 2, Census Tract 52.18,426,301,290,11,125,112,13
1500000US060770052191,15000US060770052191,Block Group 1; Census Tract 52.19; San Joaquin County; California,Block Group 1, Census Tract 52.19,851,650,486,164,201,78,123
1500000US060770052192,15000US060770052192,Block Group 2; Census Tract 52.19; San Joaquin County; California,Block Group 2, Census Tract 52.19,658,574,508,66,84,60,24
1500000US060770052201,15000US060770052201,Block Group 1; Census Tract 52.20; San Joaquin County; California,Block Group 1, Census Tract 52.20,765,603,510,93,162,153,9
1500000US060770052211,15000US060770052211,Block Group 1; Census Tract 52.21; San Joaquin County; California,Block Group 1, Census Tract 52.21,1996,1738,1609,129,258,258,0
1500000US060770052212,15000US060770052212,Block Group 2; Census Tract 52.21; San Joaquin County; California,Block Group 2, Census Tract 52.21,591,446,399,47,145,145,0
1500000US060770052221,15000US060770052221,Block Group 1; Census Tract 52.22; San Joaquin County; California,Block Group 1, Census Tract 52.22,627,598,557,41,29,29,0
1500000US060770052222,15000US060770052222,Block Group 2; Census Tract 52.22; San Joaquin County; California,Block Group 2, Census Tract 52.22,615,580,414,166,35,23,12
1500000US060770052231,15000US060770052231,Block Group 1; Census Tract 52.23; San Joaquin County; California,Block Group 1, Census Tract 52.23,1263,1085,1030,55,178,178,0
1500000US060770052232,15000US060770052232,Block Group 2; Census Tract 52.23; San Joaquin County; California,Block Group 2, Census Tract 52.23,1054,942,924,18,112,93,19
1500000US060770052233,15000US060770052233,Block Group 3; Census Tract 52.23; San Joaquin County; California,Block Group 3, Census Tract 52.23,478,459,320,139,19,19,0
1500000US060770052241,15000US060770052241,Block Group 1; Census Tract 52.24; San Joaquin County; California,Block Group 1, Census Tract 52.24,427,263,231,32,164,90,74
1500000US060770052242,15000US060770052242,Block Group 2; Census Tract 52.24; San Joaquin County; California,Block Group 2, Census Tract 52.24,1063,782,696,86,281,116,165
1500000US060770052251,15000US060770052251,Block Group 1; Census Tract 52.25; San Joaquin County; California,Block Group 1, Census Tract 52.25,262,157,50,107,105,105,0
1500000US060770052252,15000US060770052252,Block Group 2; Census Tract 52.25; San Joaquin County; California,Block Group 2, Census Tract 52.25,1180,604,446,158,576,522,54
1500000US060770053031,15000US060770053031,Block Group 1; Census Tract 53.03; San Joaquin County; California,Block Group 1, Census Tract 53.03,347,305,182,123,42,33,9
1500000US060770053032,15000US060770053032,Block Group 2; Census Tract 53.03; San Joaquin County; California,Block Group 2, Census Tract 53.03,364,301,205,96,63,36,27
1500000US060770053033,15000US060770053033,Block Group 3; Census Tract 53.03; San Joaquin County; California,Block Group 3, Census Tract 53.03,225,178,116,62,47,25,22
1500000US060770053034,15000US060770053034,Block Group 4; Census Tract 53.03; San Joaquin County; California,Block Group 4, Census Tract 53.03,548,458,128,330,90,65,25
1500000US060770053035,15000US060770053035,Block Group 5; Census Tract 53.03; San Joaquin County; California,Block Group 5, Census Tract 53.03,320,253,168,85,67,67,0
1500000US060770053071,15000US060770053071,Block Group 1; Census Tract 53.07; San Joaquin County; California,Block Group 1, Census Tract 53.07,394,317,251,66,77,63,14
1500000US060770053072,15000US060770053072,Block Group 2; Census Tract 53.07; San Joaquin County; California,Block Group 2, Census Tract 53.07,612,357,212,145,255,206,49
1500000US060770053081,15000US060770053081,Block Group 1; Census Tract 53.08; San Joaquin County; California,Block Group 1, Census Tract 53.08,243,149,76,73,94,94,0
1500000US060770053082,15000US060770053082,Block Group 2; Census Tract 53.08; San Joaquin County; California,Block Group 2, Census Tract 53.08,250,218,135,83,32,29,3
1500000US060770053083,15000US060770053083,Block Group 3; Census Tract 53.08; San Joaquin County; California,Block Group 3, Census Tract 53.08,217,169,62,107,48,48,0
1500000US060770053084,15000US060770053084,Block Group 4; Census Tract 53.08; San Joaquin County; California,Block Group 4, Census Tract 53.08,572,443,307,136,129,71,58
1500000US060770053091,15000US060770053091,Block Group 1; Census Tract 53.09; San Joaquin County; California,Block Group 1, Census Tract 53.09,656,473,356,117,183,141,42
1500000US060770053092,15000US060770053092,Block Group 2; Census Tract 53.09; San Joaquin County; California,Block Group 2, Census Tract 53.09,398,216,145,71,182,168,14
1500000US060770053101,15000US060770053101,Block Group 1; Census Tract 53.10; San Joaquin County; California,Block Group 1, Census Tract 53.10,378,318,280,38,60,16,44
1500000US060770053102,15000US060770053102,Block Group 2; Census Tract 53.10; San Joaquin County; California,Block Group 2, Census Tract 53.10,375,352,189,163,23,23,0
1500000US060770053103,15000US060770053103,Block Group 3; Census Tract 53.10; San Joaquin County; California,Block Group 3, Census Tract 53.10,438,287,171,116,151,144,7
1500000US060770053111,15000US060770053111,Block Group 1; Census Tract 53.11; San Joaquin County; California,Block Group 1, Census Tract 53.11,447,238,89,149,209,200,9
1500000US060770053112,15000US060770053112,Block Group 2; Census Tract 53.11; San Joaquin County; California,Block Group 2, Census Tract 53.11,455,428,255,173,27,27,0
1500000US060770053121,15000US060770053121,Block Group 1; Census Tract 53.12; San Joaquin County; California,Block Group 1, Census Tract 53.12,313,202,108,94,111,103,8
1500000US060770053122,15000US060770053122,Block Group 2; Census Tract 53.12; San Joaquin County; California,Block Group 2, Census Tract 53.12,336,298,197,101,38,34,4
1500000US060770053123,15000US060770053123,Block Group 3; Census Tract 53.12; San Joaquin County; California,Block Group 3, Census Tract 53.12,308,267,252,15,41,41,0
1500000US060770054031,15000US060770054031,Block Group 1; Census Tract 54.03; San Joaquin County; California,Block Group 1, Census Tract 54.03,312,203,104,99,109,82,27
1500000US060770054032,15000US060770054032,Block Group 2; Census Tract 54.03; San Joaquin County; California,Block Group 2, Census Tract 54.03,501,388,347,41,113,113,0
1500000US060770054033,15000US060770054033,Block Group 3; Census Tract 54.03; San Joaquin County; California,Block Group 3, Census Tract 54.03,539,459,381,78,80,64,16
1500000US060770054034,15000US060770054034,Block Group 4; Census Tract 54.03; San Joaquin County; California,Block Group 4, Census Tract 54.03,660,571,368,203,89,76,13
1500000US060770054051,15000US060770054051,Block Group 1; Census Tract 54.05; San Joaquin County; California,Block Group 1, Census Tract 54.05,362,236,81,155,126,101,25
1500000US060770054052,15000US060770054052,Block Group 2; Census Tract 54.05; San Joaquin County; California,Block Group 2, Census Tract 54.05,495,453,355,98,42,42,0
1500000US060770054053,15000US060770054053,Block Group 3; Census Tract 54.05; San Joaquin County; California,Block Group 3, Census Tract 54.05,259,210,146,64,49,42,7
1500000US060770054061,15000US060770054061,Block Group 1; Census Tract 54.06; San Joaquin County; California,Block Group 1, Census Tract 54.06,658,544,295,249,114,65,49
1500000US060770054062,15000US060770054062,Block Group 2; Census Tract 54.06; San Joaquin County; California,Block Group 2, Census Tract 54.06,340,180,114,66,160,138,22
1500000US060770055021,15000US060770055021,Block Group 1; Census Tract 55.02; San Joaquin County; California,Block Group 1, Census Tract 55.02,731,684,636,48,47,34,13
1500000US060770055022,15000US060770055022,Block Group 2; Census Tract 55.02; San Joaquin County; California,Block Group 2, Census Tract 55.02,280,207,174,33,73,49,24
1500000US060770055031,15000US060770055031,Block Group 1; Census Tract 55.03; San Joaquin County; California,Block Group 1, Census Tract 55.03,313,219,150,69,94,79,15
1500000US060770055032,15000US060770055032,Block Group 2; Census Tract 55.03; San Joaquin County; California,Block Group 2, Census Tract 55.03,356,166,105,61,190,173,17
1500000US060770055033,15000US060770055033,Block Group 3; Census Tract 55.03; San Joaquin County; California,Block Group 3, Census Tract 55.03,18,7,7,0,11,11,0
1500000US060779800001,15000US060779800001,Block Group 1; Census Tract 9800; San Joaquin County; California,Block Group 1, Census Tract 9800,0,0,0,0,0,0,0
